report_id,description,nature,event,sif_label,label_source
OSHA-2025099215,"An employee was cutting the top of an empty scrap barrel that previously contained antifreeze. The bottom of the barrel blew out due to pressure that built up and caused his jeans to catch fire, resulting in burns.",Thermal burns degree unspecified,"Explosion of pressure vessel, piping, or tire",YES,weak
OSHA-2020099244,"An employee was disassembling metal racking. A piece of racking fell and struck the employee, causing head trauma. The employee was hospitalized.","Intracranial injuries, unspecified","Struck by falling object or equipment, unspecified",YES,weak
OSHA-2015052801,"An employee operating an alfalfa bagging machine fell into the machine's hopper. The hopper's paddle wheels struck the employee, lacerating the employee's stomach and breaking the employee's arm and leg (unknown side).",Fractures,Caught in running equipment or machinery during regular operation,YES,weak
OSHA-2015010487,An employee fell from the platform of a 3-step ladder when taking products down from the shelf.,"Traumatic injuries and disorders, unspecified",Other fall to lower level less than 6 feet,YES,weak
OSHA-2021087048,"An employee was standing on a portable stair platform, using a flashlight to see if there was a water leak under a conveyor. Her left lower arm was caught between the conveyor belt and a roller. She suffered three fractures to the lower left arm between the wrist and elbow.",Fractures,"Caught in running equipment or machinery, n.e.c.",YES,weak
OSHA-2016054611,An employee's left thumb tip was amputated while he was cutting a bearing with a chop saw.,Amputations,Caught in running equipment or machinery during regular operation,YES,weak
OSHA-2025010112,"At about 10:00 a.m. on January 6, 2025, an employee slipped and fell on ice in the driveway while leaving a group home. She suffered a hip injury and was hospitalized.",Traumatic injuries or exposures unspecified,Fall on same level due to slip or trip,NO,weak
OSHA-2020032693,"An employee was on a catwalk, cutting into a tank so it could be scrapped. A spark got into a nearby tank, causing an explosion. The employee suffered a broken jaw and lacerations to the face.",Fractures,"Explosion of pressure vessel, piping, or tire",YES,weak
OSHA-20221210589,"An employee was adjusting a steel plate on top of an I-beam so that they could be welded together for an order. The metal plate fell onto the employee's left middle finger, resulting in amputation. Their ring finger was also injured.",Amputations,"Struck by object or equipment, unspecified",YES,weak
OSHA-2015064145,"An employee placed his right hand on top of a the cylinder of a tamping machine. The tamper came down onto the cylinder, pinching his right little finger and causing an injury that required the amputation of a portion of the right little finger.",Amputations,Caught in running equipment or machinery during regular operation,YES,weak
OSHA-2018076904,An employee tripped and fell while leaving his car in the workplace parking lot. He suffered a fractured right hip and was hospitalized.,Fractures,"Fall on same level due to tripping, unspecified",NO,weak
OSHA-2019010648,"Employees were attempting to lift and move a cellar cover in order to install a work platform in the cellar for a welder. The cover came into contact with the blowout preventer spool, causing it to fall back. An employee's right middle finger was caught between the cellar cover and the tin horn, causing an amputation to the first knuckle.",Amputations,"Struck by falling object or equipment, unspecified",YES,human
OSHA-2020054791,"An employee was closing a garage door when the employee's fingers were pinched between the closing door panels, resulting in the amputation of the left middle and ring fingertips.",Amputations,Struck by or caught in swinging door or gate,YES,weak
OSHA-2016065370,An employee was closing a gate when her left thumb was caught and amputated between the gate and the frame.,Amputations,Struck by or caught in swinging door or gate,YES,weak
OSHA-2018065914,"An employee was on a ladder pulling cables through the ceiling when the employee lost balance and fell approximately 2 to 3 feet to the ground, fracturing a femur.",Fractures,Other fall to lower level less than 6 feet,YES,weak
OSHA-2018032132,An employee was attempting to cut horns off a carcass at a horn removal machine when the machine activated and amputated two of the employee's fingers.,Amputations,Caught in running equipment or machinery during regular operation,YES,weak
OSHA-2023010292,"An employee was on a extension ladder installing internet cable to a commercial customer's site. He fell approximately 15 feet off the ladder to the concrete below and sustained injuries to the right leg and knee, a laceration to the forehead, and a bruised right arm. The employee was hospitalized.","Soreness, pain, hurt-nonspecified injury",Other fall to lower level 11 to 15 feet,YES,human
OSHA-2019065651,An employee suffered a fingertip amputation when the hydraulics released and their finger was caught within a space between the bar of the magnet and the claw of the manipulator machine.,Amputations,"Caught in or compressed by equipment or objects, unspecified",YES,weak
OSHA-2017010455,An employee was walking up the ramp of an equipment trailer when the grating on the ramp suddenly gave way and his foot fell through the ramp grating fracturing the lower right leg.,Fractures,Fall through surface or existing opening less than 6 feet,YES,weak
OSHA-2020076615,"An employee shut off the leveler and climbed on the tarp to straighten it. As he was stepping off the tarp, the leveler started back up. The employee slipped. His foot landed on the leveling paddle and his leg got caught between the rotating paddle wheel and the frame. The employee s lower leg was fractured.",Fractures,"Other fall to lower level, unspecified",YES,weak
OSHA-2021098017,A bakery associate was using a step ladder to pull items from the freezer when she fell and fractured her knee and/or leg. The employee was hospitalized.,Fractures,Other fall to lower level less than 6 feet,YES,weak
OSHA-2024021165,"An employee was clearing a jam in a machine. The employee's finger was caught between an anvil roller and a crush cutter, resulting in a fingertip amputation at the nail bed.","Amputations, avulsions, enucleations unspecified","Struck by running powered equipment during maintenance, cleaning, testing",YES,weak
OSHA-2016098378,"An employee was pulling a four-wheel dolly when she slipped, fell, and broke her hip.",Fractures,Fall on same level due to slipping,NO,weak
OSHA-2023010426,An employee was stacking lumber on the steel guides when the employee's right little finger was crushed between a 4 x 6 piece of lumber and a steel guide. He sustained an amputation of the finger below the fingernail.,Amputations,Injured by slipping or swinging object held by injured worker,YES,weak
OSHA-2024053944,An employee was climbing up a ladder and missed a step when he was approximately 5 feet high. He fell to the ground and sustained fractures to his lower back.,Fractures,Other fall to lower level less than 6 feet,YES,weak
OSHA-2025010216,An employee was unloading freight when they slipped on ice and fell to the concrete floor. The employee was hospitalized with a fractured left femur.,Fractures,Fall on same level due to slip or trip,NO,weak
OSHA-20191010609,An employee was changing out a bucket on a bucket loader. The loader was actuated and the employee's left hand was smashed. The employee underwent surgery to amputate fingers.,Amputations,Caught in running equipment or machinery during regular operation,YES,weak
OSHA-20241211098,"An employee was standing on a step ladder and operating a hydraulic jack. The jack began shifting, causing the ladder to tip to the left. The employee caught himself as he was stepping down from the third rung of the ladder. When he stepped to the floor, his left foot rolled and twisted under his body weight, resulting in fractures to his tibia and fibula above the ankle.",Fractures,Other fall to lower level less than 6 feet,YES,weak
OSHA-2018088498,An employee was using an overhead crane to attach a hydraulic rock clevis to a pad eye on a grinder tub when his fingertip was amputated.,Amputations,Compressed or pinched by shifting objects or equipment,YES,weak
OSHA-2023076196,An employee was applying pest control products to turf when they became disoriented and demonstrated facial drooping. The employee experienced heat stress/dehydration.,"Effects of heat and light, unspecified",Exposure to environmental heat,NO,weak
OSHA-2022119661,"An employee was standing on a lift about 15 feet in the air to prepare the ceiling to be painted. When reaching over the duct work, the employee lost his balance, falling onto the duct work and to the floor. The employee sustained an elbow injury.","Soreness, pain, hurt-nonspecified injury",Other fall to lower level 11 to 15 feet,YES,weak
OSHA-2025088599,"An employee was taking water samples when he slipped and fell, fracturing his leg.",Fractures,Fall on same level due to slip or trip,NO,weak
OSHA-2015096917,A temporary employee was operating a stand-up forklift with a foot hanging off the edge. He backed into a rack and broke bones.,Fractures,Part of occupant s body caught between vehicle and other object in nonroadway transport incident,YES,weak
OSHA-2019088802,"An employee was transporting a 5-gallon ink bucket on a 3-wheel scooter when the rear right tire struck a conveyor, causing him to be ejected onto the concrete floor. He suffered a dislocated vertebra disc.",Herniated discs,Part of occupant s body caught between vehicle and other object in nonroadway transport incident,YES,weak
OSHA-2020054813,Two employees were standing in a loading area and operating an overhead crane with a remote when a set of PBR aluminum steel sheets fell from the crane and landed on the employees. The first employee suffered a forehead laceration. The second employee suffered a broken right leg.,"Cuts, lacerations",Struck by object falling from vehicle or machinery-other than vehicle part,YES,weak
OSHA-2022097903,An employee was moving a roll ladder when it tipped back and fell on the employee. The employee suffered a broken lower-back vertebra.,Fractures,"Struck by falling object or equipment, unspecified",YES,weak
OSHA-2024087748,"An employee was operating a hoist to lift material. His left index finger became pinched between a D-ring (lifting device) and the material being lifted, resulting in an amputation of the fingertip.","Amputations, avulsions, enucleations unspecified","Caught, entangled in running powered equipment normal operation",YES,weak
OSHA-2019055334,"On May 28, 2019, an employee was attempting to clear a jam from a foam swab machine when the employee's right hand was caught between the chain and sprocket, resulting in a middle fingertip amputation. The machine was guarded and not locked out at the time of the incident.",Amputations,"Caught in running equipment or machinery during maintenance, cleaning",YES,weak
OSHA-2024088078,"An employee was operating a lift truck. He was stopping the vehicle to prevent it from hitting a parked unit and his leg got caught in between the lift truck and a metal pole. The employee suffered multiple leg fractures. He was hospitalized, requiring surgery.",Fractures,"Collision with stationary object, nonroadway",YES,weak
OSHA-20201010005,"An employee finished unloading the truck and was getting ready to close the rear roll up door on the truck. As he was holding the roll up door to close it, he stepped off the back of the truck and the door closed on his right hand. His index and ring fingers were broken and the middle finger was amputated and reattached.",Amputations,Struck by swinging part of powered vehicle,NO,weak
OSHA-2024010562,"An employee was cleaning a window behind a concrete column. As he finished and began to come down the ladder, he slipped and lost balance. He and the ladder fell. He landed on the side of the ladder, after falling 6 feet, and suffered a broken ankle.",Fractures,Fall to lower level from collapsing structure or equipment 6 to 30 feet,YES,weak
OSHA-2023054232,"An employee was on the eleventh rung of a 28-foot extendable ladder when they fell 11 feet to the concrete floor. The employee sustained spinal vertebral fractures, a spinal cord injury, and nerve damage to the intestines.","Traumatic injuries to spinal cord, unspecified",Other fall to lower level 11 to 15 feet,YES,weak
OSHA-2016010101,"An employee was driving a forklift to take excess liquid concrete to an area where it is poured into 2x2x6 forms for retaining wall blocks. The liquid concrete was being poured into a bucket, which the forklift was lifting above the forms, when the employee exited the forklift to either move or manipulate the bucket. The bucket slipped off the forklift onto his person, pinning him to the ground and causing body trauma.","Traumatic injuries and disorders, unspecified",Struck by object falling from vehicle or machinery-other than vehicle part,NO,weak
OSHA-2015031502,"A PSI blower chip loading system plugged up and tripped the breaker. A maintenance employee locked out the machine, cleared the plug, and restarted the machine. The employee was checking for air flow through the pipes with his right index finger hanging at the stop plate when the mechanical sleeve lacerated the finger pad. The machine amputated a chunk of the right index finger pad. The fingernail and part of the bone were removed to close the skin around the end of the finger.",Amputations,"Caught in running equipment or machinery during maintenance, cleaning",YES,weak
OSHA-2024099111,"An employee was maneuvering freight in the back of a trailer using a pallet jack. The employee lost balance and fell from the back of their truck to the ground, sustaining head and knee injuries. The employee was hospitalized.",Traumatic injuries or exposures unspecified,Other fall to lower level less than 6 feet,YES,weak
OSHA-2023065659,An employee was spotting for a hydrovac truck that was backing up. They were struck by the hydrovac truck and became caught against another truck. The employee sustained a lacerated spleen and a fractured hip.,"Fractures and other injuries, n.e.c.",Pedestrian struck by vehicle backing up in nonroadway area,YES,human
OSHA-2020087368,"An employee collapsed and fell, striking his head on the concrete floor.","Intracranial injuries, unspecified","Fall on same level, unspecified",NO,weak
OSHA-2018077629,"An employee was driving a stand-up forklift when his hand went between a rack and the forklift, crushing his finger.",Crushing injuries,Part of occupant s body caught between vehicle and other object in nonroadway transport incident,YES,weak
OSHA-2015097198,"An employee operating a lathe attempted to remove a shim located between the jaws of a chuck and pipe. While the employee was removing the shim, the kicker actuated, causing the pipe to move. The employee's finger became stuck between the pipe and the chuck jaws, amputating the right index fingertip.",Amputations,Caught in running equipment or machinery during regular operation,YES,weak
OSHA-2016098686,"An employee was picking up a pallet behind a swing reach truck when the truck operator backed up and ran over the employee's left foot, fracturing the second, fourth, and fifth metatarsals.",Fractures,Pedestrian struck by vehicle backing up in nonroadway area,YES,weak
OSHA-2023010710,"An employee was rigging a windmill blade bearing in order to remove old grease fittings. One side of the blade bearing was lifted off the ground to facilitate access. The swivel-eye bolt failed and the bearing fell, striking the employee's foot.","Soreness, pain, hurt-nonspecified injury","Struck by falling object or equipment, unspecified",YES,weak
OSHA-20161010187,An employee was measuring a bundle on a moving conveyor belt. His index left finger got caught between a roller and the bundle and the fingertip was amputated.,Amputations,Compressed or pinched by shifting objects or equipment,YES,weak
OSHA-20231211446,"An employee was checking the gusset seal on a machine. He moved to the next cross sealer and the machine activated, causing an amputation to a left-hand finger. The employee was hospitalized.",Amputations,"Caught in running equipment or machinery, unspecified",YES,weak
OSHA-2017054827,"An employee was operating a forklift. His foot was outside the tow motor when his pinky toe became caught on a walkway barrier. His pinky toe broke, requiring hospitalization and surgery.",Fractures,Part of occupant s body caught between vehicle and other object in nonroadway transport incident,YES,weak
OSHA-2016109447,"An employee was looking into a truck trailer while standing on the ground with his hands on the dock. A forklift then ran over his right hand and crushed the three middle fingers, requiring hospitalization.",Crushing injuries,Pedestrian struck by forward-moving vehicle in nonroadway area,YES,human
OSHA-2025099730,"An employee was working at an assembly plant. He went to move three steel plates (each weighing approximately 60 pounds) that were covering wood that he needed to access. His left middle finger got pinched between the steel plates as he lifted them, resulting in an amputation to his fingertip.","Amputations, avulsions, enucleations unspecified",Injured by object held or wielded by person,YES,weak
OSHA-2020054528,"While driving a forklift, an employee hit a pothole and lost control. The forklift overturned and the employee sustained a head injury, requiring hospitalization.","Intracranial injuries, unspecified","Jack-knifed or overturned, nonroadway",YES,weak
OSHA-2020010290,An employee was lowering a pickup truck's tail gate when his right ring finger was caught between a cable and the tailgate's upper rail. The fingertip was amputated at the first knuckle.,Amputations,Struck by swinging part of powered vehicle,YES,weak
OSHA-2017054842,"After inspecting a roof area at a construction site, an employee stepped down on a ladder, slipped, and fell 20 feet to the ground, suffering broken ribs and a fractured spleen.",Internal injuries to organs and blood vessels of the trunk,Other fall to lower level 16 to 20 feet,YES,weak
OSHA-2019088519,"An employee was painting while standing on the second rung of a ladder. He leaned over to move a pole that was holding up a plastic barrier and lost his balance, falling to the floor and fracturing his right hip.",Fractures,Other fall to lower level less than 6 feet,YES,weak
OSHA-2019066277,An employee's left ring finger was caught and crushed in a door frame.,Crushing injuries,Struck by or caught in swinging door or gate,YES,weak
OSHA-2015031176,An employee's hand got pinched between a cylinder and an air cylinder casing; the right index finger and middle finger were amputated.,Amputations,"Caught in or compressed by equipment or objects, unspecified",YES,human
OSHA-2019022083,An employee slipped and fell on icy ground while unloading a down hole pump off of a trailer. The employee sustained a fractured hip.,Fractures,Fall on same level due to slipping,NO,weak
OSHA-2023021725,An employee sustained an amputation of the right ring fingertip while cleaning a conveyor belt.,Amputations,"Caught in running equipment or machinery during maintenance, cleaning",YES,weak
OSHA-20191010375,An employee stood on a wheeled office chair to dust and fell to the floor. The employee was hospitalized.,"Traumatic injuries and disorders, unspecified",Other fall to lower level less than 6 feet,YES,weak
OSHA-2024042949,"An employee was working from an aerial lift when they slipped and their safety harness ripped, causing them to fall 37 feet to the dirt surface below. They sustained fractures to ribs, both collar bones, vertebrae, and also sustained contusions to the lungs.",Multiple severe wounds and internal injuries,Other fall to lower level more than 30 feet,YES,weak
OSHA-2025065520,"An employee tripped over a pallet and fell to the ground, suffering injuries to the head, left arm, and left leg.",Traumatic injuries or exposures unspecified,Fall on same level due to slip or trip,NO,weak
OSHA-2020087782,"Employees were inside the basket of the feed truck repairing the drive shaft on the main floor chain that is beneath the grain pile and perpendicular to the feeder/delivery chain. As the employees were removing feed from the main floor basket to access the drive shaft, an employee was swept by the feeder chain and pulled up and entangled into the beater bar. The employee was hospitalized with a lacerated chest, punctured lung and broken left tibia.","Fractures (except rib, trunk fractures) and internal injuries","Caught in running equipment or machinery during maintenance, cleaning",YES,weak
OSHA-2021086507,An employee was adjusting a reroller machine. The employee's right forearm was pulled into the dies and fractured. The machine was not guarded at the time.,Fractures,"Caught in running equipment or machinery, unspecified",YES,weak
OSHA-2024087612,"An employee was standing at the administration station counting parts on pallets, verifying correct parts are being sent, and entering shipping information into the computer program. A forklift struck a pallet of approximately 80 cabinet base panels and the panels fell onto the employee who suffered a broken left tibia.",Fractures,Pedestrian struck by vehicle or object propelled by another vehicle in nonroadway area,YES,weak
OSHA-2024087403,An employee was hospitalized for heat exhaustion after losing consciousness in a customer's yard.,"Heat stroke, syncope",Exposure to environmental heat outdoor,NO,weak
OSHA-2015020036,"On February 5, 2015 an employee working at the Genesis Community Center tripped over a curb in the parking lot suffering a dislocated shoulder. The employee was hospitalized due to the severity of the injury.",Dislocation of joints,Fall on same level due to tripping over an object,NO,weak
OSHA-20241211171,An employee was walking to their work vehicle in the parking lot when they slipped on ice and struck the ground. The employee was hospitalized with a back fracture and required surgery.,Fractures,Fall on same level due to slip or trip,YES,weak
OSHA-2017054878,An employee was riding on the back of a pickup truck and slipped off the back fracturing his skull.,Fractures,"Fall or jump from vehicle in normal operation, roadway",YES,human
OSHA-2016010068,An employee was operating a press welder when two of his fingers got caught in the press. His right-hand index and middle fingers were amputated at the first joint.,Amputations,Caught in running equipment or machinery during regular operation,YES,weak
OSHA-2015010654,An employee walking out the door of a customer location tripped and fell breaking and dislocating the hip.,Fractures and dislocations,"Fall on same level due to tripping, unspecified",NO,weak
OSHA-2023010793,An employee slipped on a newly waxed floor and suffered a broken femur and a broken right wrist.,Fractures,Fall on same level due to slipping,NO,weak
OSHA-2018010153,"An employee was walking when her leg became caught in a green strap that was attached to a pallet. She fell and fractured the orbital area of the left side of her face, requiring surgery.",Fractures,Fall on same level due to tripping over an object,YES,weak
OSHA-20181010441,"An employee was operating an iron worker machine to cut a flat bar when the bar flipped up, catching the employee's left thumb between the bar and machine and resulting in an amputation to the thumb.",Amputations,Caught in running equipment or machinery during regular operation,YES,weak
OSHA-20191213050,An employee was clearing a jam in a production line when an air piston actuated and caught the employee's right index finger. The finger was partially amputated.,Amputations,"Caught in running equipment or machinery during maintenance, cleaning",YES,weak
OSHA-20191111449,"On November 01, 2019, an employee was cleaning a mandrel (metal cylinder which holds the can) of a can printing decorating machine when the printer jogged, causing his right hand to be caught between machine's mandrel and blanket wheel (transfers the image onto the can). The employee suffered a laceration and fracture to his right hand, requiring hospitalization.",Fractures,"Caught in running equipment or machinery during maintenance, cleaning",YES,weak
OSHA-2022065435,"An employee was using a stand-up forklift to move pallets in a warehouse. As he was backing up the lift, it made contact with a pallet that had a splintered piece of wood, which punctured his left calf. He was hospitalized.","Puncture wounds, except gunshot wounds",Part of occupant s body caught between vehicle and other object in nonroadway transport incident,YES,weak
OSHA-2025065585,"An employee was securing a ramp to a dock to unload cargo. He was using large pins to put the ramp in place when two of his fingers got caught in the ramp, resulting in a partial amputation.","Amputations, avulsions, enucleations unspecified",Caught or wedged between objects nonrunning,YES,weak
OSHA-2023021394,"An employee was removing a food tray from the oven when a meatball fell onto the ground. As the employee reached to pick it up, she slipped on the meatball and struck her hand on the counter and head on the floor. The employee was hospitalized for a hand fracture and syncope.",Fractures,Fall on same level due to slipping,NO,weak
OSHA-2023076803,An employee was casting a cable when the mold malfunctioned and closed on the employee's thumb. They sustained a burn and crush injury.,"Burns and other injuries, n.e.c.",Caught in running equipment or machinery during regular operation,YES,weak
OSHA-2023021454,"An employee was guiding film into a machine that packs frozen materials in cardboard, then wraps it in film and uses heat to seal the product. The chain that pulls the film into the machine caught the employee's right ring finger amputating it at the nail line.",Amputations,Caught in running equipment or machinery during regular operation,YES,weak
OSHA-2015052884,"An employee's hand was caught in a tray pack machine, resulting in a finger amputation.",Amputations,Caught in running equipment or machinery during regular operation,YES,weak
OSHA-2019088701,"An employee was pressure-washing algae on a tank. As he was leaving work for the day, he started experiencing body cramps due to dehydration.","Effects of heat and light, n.e.c.",Exposure to environmental heat,NO,weak
OSHA-2025021261,An employee was departing work when they fell on the sidewalk. They were hospitalized with a broken right hip.,Fractures,Fall on same level unspecified,NO,weak
OSHA-20181111760,Two employees were operating a stamping press. As one employee was feeding aluminum strips their right hand was caught in the machine and crushed.,Crushing injuries,Caught in running equipment or machinery during regular operation,YES,weak
OSHA-2015021346,"On or about 2/1/2015, an employee was operating a stand-up lift truck. His foot slipped off the back of the lift truck and was caught between the back of the lift truck and a wooden crate. The employee was trying to lift his foot off the brake pedal to stop the lift truck but did not completely do so. The employee suffered a broken left foot.",Fractures,Part of occupant s body caught between vehicle and other object in nonroadway transport incident,YES,weak
OSHA-2024010642,"An employee was riding on the rear step of a refuse collector. The employee got off the truck and the vehicle drove backward over the employee's foot, fracturing it.",Fractures,Pedestrian struck by vehicle backing up in roadway,YES,weak
OSHA-2024076251,"An employee was operating an overhead crane with one hand and lifting with the other while installing a push-back weight. His left middle finger was caught in the chain, which amputated the fingertip.","Amputations, avulsions, enucleations unspecified","Caught, entangled in running powered equipment normal operation",YES,weak
OSHA-20201211767,An employee was operating a punch machine when the die amputated the tip of the employee's left index finger.,Amputations,Caught in running equipment or machinery during regular operation,YES,weak
OSHA-2023098333,An employee was on a 4-foot step ladder outside of the blast booth in the powder plant when they fell to the concrete floor and sustained a head injury.,"Intracranial injuries, unspecified",Other fall to lower level less than 6 feet,YES,weak
OSHA-2018033085,An employee sustained a head injury after being struck by a falling object from a storage rack.,"Intracranial injuries, unspecified","Struck by falling object or equipment, n.e.c.",YES,human
OSHA-2022086934,A firework exploded and amputated an employee's fingers.,Amputations,"Explosion, n.e.c.",YES,weak
OSHA-2022043612,"Regulators were being fitted on an oxygen tank. The tank exploded, causing a flash fire. An employee suffered burns on the left side of the torso, the right hand, and the left side of the face.","Heat (thermal) burns, unspecified","Explosion of pressure vessel, piping, or tire",YES,weak
OSHA-2023109412,"An employee was cleaning a pusher machine when it activated, causing the employee's hand to become caught between two pusher machines. Their left-hand fingertip was amputated.",Amputations,"Caught in running equipment or machinery during maintenance, cleaning",YES,weak
OSHA-2021053703,An employee was directing a roll-off container truck to reverse into position for dumping demolition debris when a grapple loader nearby reversed and pinned the employee's right arm against the side of the roll-off container truck. The employee's right arm was crushed.,Crushing injuries,Pedestrian struck by vehicle backing up in nonroadway area,YES,weak
OSHA-20231211562,An employee was working as a paint inspector and was inspecting painted pipe for production runs. She pressed the joystick to move the pipe into the number 1 position and then stepped up onto a platform to inspect the end of the pipe. The pipe began to move into the number 2 position that is across the platform the employee was working at. As the employee realized the pipe was moving she tried to back up but was pinned against the pipe roller on the other side of the platform. The pipe continued to move across the platform crushing the employee. The employee suffered a fractured back.,Fractures,Caught in running equipment or machinery during regular operation,YES,weak
OSHA-2024065094,"An employee was manually loading parts into the broach machine. Their hand was caught by the ram in the machine and their left middle finger was crushed, resulting in a fingertip amputation.","Amputations, avulsions, enucleations unspecified","Caught, entangled in running powered equipment normal operation",YES,weak
OSHA-2018088832,"While walking in a foyer, an employee tripped and fell to the floor, breaking a hip.",Fractures,Fall on same level due to tripping over self,NO,weak
OSHA-2015020806,"The employee was using a long board to push debris out of the conveyor, which was stopped up. The employee reached for a hand-hold and instead grabbed the conveyor. One of the 2' blocks of lumber and hit his thumb, resulting in an amputation.",Amputations,Caught in running equipment or machinery during regular operation,YES,weak
OSHA-2015041829,"An employee was removing a printing press gear that was located in front of a gear that runs an ink roller. While performing this task, employees do not de-energize the ink roller gear because the ink will dry up. The employee's finger got caught between the gear being removed and the ink roller gear. The employee's left index finger was amputated, and two other fingers were injured.",Amputations,Caught in running equipment or machinery during regular operation,YES,weak
OSHA-2025099565,"Two employees were working on a scissor lift approximately 15-20 feet above the ground, positioned beside a larger production line with a moving trolley. As the trolly retracted, its external motor struck the basket of the lift, causing the lift to tip over. The injured employee and the lift fell to the ground and they suffered a laceration to the right knee that required hospitalization.","Cuts, lacerations, punctures without injury to internal structures",Fall to lower level from collapsing structure or equipment 6 to 30 feet,YES,weak
OSHA-2016087130,"An employee was supervising the loading of a coil onto a truck from the designated safe zone when the 500-foot, 4-inch coil weighing approximately 1,250 pounds began to slip off the spool that was being lifted by a forklift. The employee tried to push the coil back onto the spool when the coil struck him, knocking him to the ground and cracking his vertebrae.",Fractures,Struck by object falling from vehicle or machinery-other than vehicle part,YES,weak
OSHA-2016021449,"A crane was lowering an arbor into the bell of a flute machine while an employee guided the arbor into position. The employee's right middle finger was caught between the arbor and the bell housing, and his fingertip was amputated.",Amputations,Compressed or pinched by shifting objects or equipment,YES,weak
OSHA-2016010591,"An employee was working with a concrete core drill, coring anchor bolts from concrete, when a piece of concrete got caught in the bit. When the employee backed the drill out of the hole, his jacket became caught in the bit. The bit was turning and wrapped the jacket around itself, breaking the employee's left arm.",Fractures,Caught in running equipment or machinery during regular operation,YES,weak
OSHA-2019033043,An employee was working on a cyclone fan and amputated the tip of his left thumb on the blade.,Amputations,"Caught in running equipment or machinery during maintenance, cleaning",YES,weak
OSHA-2017077045,An employee was stepping onto the top rung of a steel 3-rung fixed ladder when he slipped and hit his shin resulting in a fractured tibia.,Fractures,"Fall onto or against object on same level, n.e.c.",NO,weak
OSHA-2015085944,An employee was directing traffic at the main parking lot along Lancaster Avenue. The employee experienced heat exhaustion and was hospitalized.,"Heat exhaustion, prostration",Exposure to environmental heat,NO,weak
OSHA-2016043577,"On April 22, 2016, at approximately 7:05am, an employee was hospitalized after being injured while moving a plastic water line on I-beams. The employee and a coworker were rolling a 14 inch diameter PVC pipe weighing approximately 300 lbs. and 15 feet in length across I-beam stands. During the roll, the pipe slipped off the I-beam and the employee's thumb was pinched between the I-beam and the pipe resulting in cuts and crushing injuries to the left thumb.",Crushing injuries,Compressed or pinched by shifting objects or equipment,YES,weak
OSHA-2015052181,"An employee fell approximately 12 feet, suffering broken ribs and a collapsed lung.",Internal injuries to organs and blood vessels of the trunk,Other fall to lower level 11 to 15 feet,YES,weak
OSHA-20161112024,An employee suffered a fingertip amputation while clearing a jam in a conveyor.,Amputations,"Caught in running equipment or machinery during maintenance, cleaning",YES,weak
OSHA-2020099133,"An employee removed a semi-refrigeration unit from the semi-trailer to repair it. After repair, the employee was putting it back on the semi-trailer, but the bolts did not line up. As the employee tried to adjust the bolts, his left index finger was caught between the refrigeration unit and the semi-trailer resulting in amputation of his nail and a quarter inch of his finger.",Amputations,Compressed or pinched by shifting objects or equipment,YES,weak
OSHA-2020010769,An employee was using a stand-up rebar pipe bending machine. He was grabbing rebar when he was caught in the bending pen. His pinky finger was amputated and the middle and ring fingers were fractured.,Amputations,Caught in running equipment or machinery during regular operation,YES,weak
OSHA-2022032133,A closing trailer door partially amputated an employee's finger.,Amputations,Compressed or pinched by shifting objects or equipment,NO,weak
OSHA-2022076572,An employee was using a turret forklift to removing a box from the second level of a rack. The box slipped and hit the employee's chest causing a contusion.,"Bruises, contusions","Struck by falling object or equipment, n.e.c.",YES,weak
OSHA-2017077211,"While walking down the hallway, an employee slipped and fell fracturing the left patella.",Fractures,Fall on same level due to slipping,NO,weak
OSHA-2023109968,"An employee was pulling cow hides out of a 12-foot-deep hide pool using a long handled, stainless steel hook. The employee was pulling the hides to the edge of the pool, locating the hole in the hide, and hanging the hide on a hide-chain hook for it to travel to the folding table. One end of the long hook got caught on the forward chain hook. Then quickly caught the second hide-chain hook. As the chain hooks got farther apart, the two hooks began to pull the long hook. The employee was attempting to pull the long hook out of the two hooks when their right thumb was caught in a pinch point, resulting in amputation.",Amputations,Caught in running equipment or machinery during regular operation,YES,weak
OSHA-2020021909,"An employee was standing on roof joists, installing plywood. He fell off the joist and landed on the floor about 7 feet below. He was hospitalized for a fracture injury.",Fractures,Other fall to lower level 6 to 10 feet,YES,weak
OSHA-2025088565,"An employee was working between the two glass lines at a glass machine. Pieces of glass were not moving properly through the lines and the machine stopped working. The employee crawled under the table, bypassing the guard system, and walking into the ""butterfly"" section where the pieces of glass are put together. After moving some pieces of glass, the machine started working again and the employee was caught in the ""butterfly."" The employee sustained fractures to her L2-L5 vertebrae and was hospitalized.",Fractures,"Struck by running powered equipment during maintenance, cleaning, testing",YES,weak
OSHA-20241211697,"An employee was on a 12-foot ladder assessing a faulty outlet on a light pole. The 220-volt outlet was loose and it touched his lower arm. The employee was shocked and thrown backward from the ladder, landing on his back 8 feet away. The employee was hospitalized with a compression fracture to their L1 vertebra with spinal canal stenosis.",Fractures,Fall to lower level resulting from exposure or contact 6 to 30 feet,YES,weak
OSHA-2016010646,An employee was reconnecting a 20-pound cooling fan located 8 inches above the floor when the fan slipped and pinched the employee's right index finger between the blade and the floor. The finger was amputated.,Amputations,"Struck by falling object or equipment, n.e.c.",YES,weak
OSHA-2023032875,"On March 31, 2023, at 12:30 PM, an employee was entering the lower level basement door while carrying items after a local rain storm. She tripped on a rug and landed on her left hip, resulting in a hip fracture that required hospitalization.",Fractures,Fall on same level due to tripping over an object,NO,weak
OSHA-2019099750,An employee's right hand was caught between a guard and a band mill. The employee's middle finger was amputated to the first knuckle.,Amputations,Caught in running equipment or machinery during regular operation,YES,weak
OSHA-20201110431,"An employee was on a ladder, tightening a fitting on a boiler. The employee fell from the ladder's second step to the floor and suffered a hip injury.","Soreness, pain, hurt-nonspecified injury",Other fall to lower level less than 6 feet,YES,weak
OSHA-2021010511,"The injured employee was on the floor transferring boxes from one pallet located on the floor to another pallet located on the forks of his parked forklift. Another forklift operator was picking up boxes in close proximity to the injured employee. A third forklift operator maneuvered his forklift forward toward the injured employee's parked forklift pushing it slightly a few inches. The injured employee was caught between the two pallets and suffered abrasions and contusions to his legs, chest, and arms.","Bruises, contusions","Pedestrian vehicular incident, n.e.c.",YES,weak
OSHA-20251111522,"An employee was working to clean out a clog from a machine when their right thumb and index finger got caught in a roller, resulting in a cut between the thumb and index finger.","Cuts, lacerations, punctures without injury to internal structures","Struck by running powered equipment during maintenance, cleaning, testing",YES,weak
OSHA-2017010779,"On January 25, 2017, at approximately 3:00 a.m., a driver was injured after falling three feet from a fixed ladder on a tank wagon fuel truck resulting in a back injury requiring surgery.","Soreness, pain, hurt-nonspecified injury",Other fall to lower level less than 6 feet,YES,weak
OSHA-2018088360,"A TMS employee was performing maintenance work on a steel plate rolling machine. A hold-down clamp crushed the employee's foot, leading to an amputation of the little toe.",Amputations,"Caught in running equipment or machinery during maintenance, cleaning",YES,weak
OSHA-2015118796,"While standing in an aisle, an employee picking cases and loading them onto an electric pallet jack was struck by another electric pallet jack operated by another employee resulting in a broken leg.",Fractures,Pedestrian struck by forward-moving vehicle in nonroadway area,YES,weak
OSHA-2021119731,"An employee was operating a terminator machine to add connectors to wire harnesses. The employee's finger got caught in the machine when a pedal was pushed, amputating their finger.",Amputations,Caught in running equipment or machinery during regular operation,YES,weak
OSHA-20191010582,An employee was cleaning a meat processing machine. The employee's left hand was caught on a moving plunger and the ring fingertip was amputated.,Amputations,"Caught in running equipment or machinery during maintenance, cleaning",YES,weak
OSHA-20241110577,"Employees were using a sidewinder crane to lower debris from the basin when the boom failed and fell on two employees, pinning them to the ground. Both employees sustained broken backs and were hospitalized.",Fractures,Struck by dislodged or detached object(s),YES,weak
OSHA-2020054921,"An employee tripped and fell while leaving his work area. He was hospitalized, suffering internal bleeding.",Internal injuries to organs and blood vessels of the trunk,"Fall on same level due to tripping, unspecified",NO,weak
OSHA-2022032824,"An employee was anchoring wall plates, which entails fastening the bottom plate of a wall flat with screws to the deck/floor of the set. The employee was using a ladder on the sound stage floor to access a wall flat on the second level of the set on Stage D. As the employee was transitioning from the deck of the second level to the ladder, the employee lost his footing and fell approximately 9 feet to the concrete stage floor, landing on his feet. The employee sustained fractures to both his left and right ankles as well as his left and right fibulas.",Fractures,Other fall to lower level 6 to 10 feet,YES,weak
OSHA-2023065615,An employee was packing rolls of plastic trash bags when he became ill and developed breathing problems. He was hospitalized for heat stress.,"Effects of heat and light, unspecified",Exposure to environmental heat,NO,weak
OSHA-20231110329,"An employee fell while exiting the cab of his garbage truck. His head struck the side of the truck parked next to his own, and he suffered lacerations, a concussion, and a skull fracture.",Skull fracture and intracranial injury,"Other fall to lower level, unspecified",YES,weak
OSHA-2017043124,An employee was cleaning a build-up of metal shavings on the carrier plate of the double disc grinder when her right middle finger was caught and amputated between a hole in the carrier plate and the rotating disc.,Amputations,"Caught in running equipment or machinery during maintenance, cleaning",YES,weak
OSHA-2018010236,An employee was attempting to file down buildup on a roller of the glue line machine when his upper right arm was caught in the rollers. He suffered severe lacerations on the outside of his right arm from the elbow to the shoulder.,"Cuts, lacerations","Caught in running equipment or machinery during maintenance, cleaning",YES,weak
OSHA-20201211333,An employee's right hand became entangled in the cable on a block-and-tackle charge hoist and was pulled into the block. The right ring and pinky fingertips were amputated.,Amputations,"Caught in or compressed by equipment or objects, unspecified",YES,weak
OSHA-2020032554,An employee was being trained to operate a saw machine. The employee was guiding pieces of wood from the chain deck conveyor into the saw. The employee's fingertip got caught between the wood being pushed and the chain conveyor's guard. When the employee felt his fingertip get pinched he pulled his hand out. His left pinky fingertip was fractured and a portion of the fingertip was pulled off.,Amputations,Caught in running equipment or machinery during regular operation,YES,weak
OSHA-20231211608,"An employee had just finished a routine concrete pour and was ascending the ladder to clean the concrete mixer truck. The employee lost their grip and fell approximately 2-3 feet, contacting the truck's bumper. The employee suffered rib fractures and a punctured lung.",Internal injuries to organs and blood vessels of the trunk,Other fall to lower level less than 6 feet,YES,weak
OSHA-2018065514,"An employee was loading a deposit into a safe and when she turned the mechanism to load the deposit bag, it caught her hand and amputated part of her left middle finger.",Amputations,"Caught in or compressed by equipment or objects, unspecified",YES,weak
OSHA-2018010874,"An employee was working at a register when she tripped over a cord and fell to her right side, striking the floor and fracturing her right hip. She was hospitalized and had surgery.",Fractures,Fall on same level due to tripping over an object,NO,weak
OSHA-2017054313,"An employee had been at work since 7:00 a.m., unpacking boxes and building furniture on the dock, when he felt dizzy and collapsed. He was hospitalized for dehydration.","Effects of heat and light, n.e.c.",Exposure to environmental heat,YES,weak
OSHA-2025077532,"An employee was picking up litter on the perimeter of the complex. He was outside the facility grounds by the railroad tracks when he tripped in the rocks and fell, striking his head and knees. The employee sustained a fractured knee.",Fractures,Fall on same level due to slip or trip,NO,human
OSHA-2016043226,"An employee was working from an order picker and fell approximately 12 feet. The employee suffered a broken hip, pelvis, and leg. Fall protection was not worn at the time of the incident.",Fractures,Other fall to lower level 11 to 15 feet,YES,weak
OSHA-2022065413,"An employee slipped on pipe-deburring chips and fell to the ground, suffering a broken right hip.",Fractures,Fall on same level due to slipping,NO,weak
OSHA-2019043342,An employee injured his hand while using a press brake.,"Soreness, pain, hurt-nonspecified injury",Caught in running equipment or machinery during regular operation,YES,weak
OSHA-2015075042,An employee was installing pins on the electric hospital bed when the headboard fell on and broke his wrist. He was hospitalized overnight.,Fractures,"Struck by falling object or equipment, unspecified",YES,weak
OSHA-2020032119,"To repair a pump, an employee removed a grate from a 2-foot deep pit containing hot water which drains from a corrugated machine. The employee lost his balance and his left leg entered the water up to the calf. The employee was hospitalized with a second degree burn.",Second degree heat (thermal) burns,Fall through surface or existing opening less than 6 feet,YES,weak
OSHA-20201111055,"An employee was operating a ride-on pallet jack. The pallet jack slid on a wet floor while turning, and the employee's right foot was crushed between it and a storage rack. The employee suffered multiple fractures and crushing injuries to the foot.",Fractures,Part of occupant s body caught between vehicle and other object in nonroadway transport incident,YES,weak
OSHA-2016021151,An employee was working on a skinner machine and amputated the whole middle finger on the left hand.,Amputations,Caught in running equipment or machinery during regular operation,YES,weak
OSHA-2022021078,"An employee was troubleshooting an airlock screw. The airlock's rotating blade struck the employee's right index, middle, and ring fingertips, resulting in partial amputations.",Amputations,"Caught in or compressed by equipment or objects, unspecified",YES,weak
OSHA-2024087863,"A screen enclosure on a roof was being demolished when an employee fell from the roof to the ground about 8 feet below, suffering a concussion and a brain bleed.",Cerebral and other intracranial hemorrhages without skull fracture,Other fall to lower level 6 to 30 feet,YES,weak
OSHA-20231211490,An employee was assisting a boat owner with moving/pulling the owner s boat closer to a diesel dispenser for fueling. A gust of wind pushed the boat away from the dock while the employee was tying a line to a cleat to secure the front of the boat to the dock. His thumb became caught between the line and the cleat causing an amputation to the thumb.,Amputations,Entangled in other object or equipment,YES,human
OSHA-2022098414,"On September 23, 2022, a Tyson Prepared Foods employee was disassembling a bacon-slicing machine. When the employee tried to remove residual product from the belt and hold-down roller, the machine's blade caused amputations to the employee's middle and ring fingers and an avulsion to the index finger.","Amputations, avulsions, enucleations, n.e.c.","Caught in running equipment or machinery during maintenance, cleaning",YES,weak
OSHA-2019089064,"An employee was removing excess foam by the second guide in a conveyor when the employee's left ring fingertip was caught between a machinery/door panel and the conveyor line, resulting in a fingertip amputation.",Amputations,Caught in running equipment or machinery during regular operation,YES,weak
OSHA-2018032843,"An employee was cleaning a screw conveyor and when he lifted a lid to clean underneath it , the conveyor pinched his left-hand fingertips. His index, middle, and ring fingertips were medically amputated. The conveyor was in motion at the time of the incident.",Amputations,"Caught in running equipment or machinery during maintenance, cleaning",YES,weak
OSHA-2020021086,"An employee was walking down stairs. She fell at the last step, breaking her lower left hip.",Fractures,Other fall to lower level less than 6 feet,YES,weak
OSHA-2018054582,"An employee was ripping and cutting sheeter sidings (a piece of wood) on a table saw when he attempted to flick a piece of wood out of the table saw area. His hand was then caught on the saw blade, amputating his index and ring fingers.",Amputations,Struck against moving part of machinery or equipment,YES,weak
OSHA-2018077162,"An employee fell from a ladder to the sidewalk while scraping paint from a building facade, suffering a fractured ankle and tibia.",Fractures,"Other fall to lower level, unspecified",YES,weak
OSHA-2015031285,"A maintenance employee was inspecting an oil leak on a yard truck used to pull trailers. The employee placed their body under the truck by lying on the ground. The employee asked another employee to start the truck; when the truck started, it rolled and pinned the employee between the ground and one of the truck tires. The employee was hospitalized.","Traumatic injuries and disorders, unspecified",Struck or run over by rolling powered vehicle,YES,weak
OSHA-2019087986,An employee slipped on the second step of a stairway and fell to the concrete ground. The employee was hospitalized with a concussion and a subdermal hematoma.,"Multiple intracranial injuries, n.e.c.","Other fall to lower level, unspecified",NO,weak
OSHA-2015108060,An employee was setting a die on press #745 and his right pinky finger got caught between the filler ring and the filler die vent groove. The pinched finger was surgically amputated.,Amputations,Compressed or pinched by shifting objects or equipment,YES,weak
OSHA-2023109422,An employee was using a thermoforming machine that packages meat. Her left hand became caught in the machine and sustained burns and contusions. The employee was hospitalized.,"Heat (thermal) burns, unspecified",Contact with hot objects or substances,YES,weak
OSHA-20171111142,"An employee fell from a roof while cleaning gutters, suffering two broken wrists. The employee was hospitalized and required surgery.",Fractures,"Other fall to lower level, unspecified",YES,human
OSHA-2015052808,An employee fell approximately 13 feet through a roof working surface while preforming a roof replacement project.,"Traumatic injuries and disorders, unspecified",Fall through surface or existing opening 11 to 15 feet,YES,weak
OSHA-2022076590,An employee was removing a part from a vertical flow forming machine. The machine tooling pinched three of his fingers and amputated the fingertips.,Amputations,Caught in running equipment or machinery during regular operation,YES,weak
OSHA-2025054177,"An employee was working on the rig floor when an electrical wire was plugged into an outlet and an arc flash (600V) occurred. The employee sustained burns to his left forearm, thumb, and index finger.",Electrical burns any degree,Exposure to electric arc,YES,weak
OSHA-2025065981,An employee was walking when they slipped on a kitchen floor and sustained a fractured right femur requiring hospitalization.,Fractures,Fall on same level due to slip or trip,NO,weak
OSHA-2015020790,"On February 25, 2015, an employee suffered an amputation of his left thumb to the first knuckle while operating the RAZ machine.",Amputations,Caught in running equipment or machinery during regular operation,YES,weak
OSHA-20181111773,"On November 15, 2018, an employee was changing the bands on the rollers of an automated rolling line. The employee's left arm was caught in the rollers, causing compound fractures that required surgery and hospitalization. The equipment was not locked out or powered off at the time of the incident. Gloves and long sleeves were being worn.",Fractures,"Caught in running equipment or machinery during maintenance, cleaning",YES,weak
OSHA-2022032870,"An employee was pulling a hose through barn doors. The employee opened the doors to free the hose, but the door slammed shut again. The employee suffered an amputation to the right index fingertip.",Amputations,Struck by or caught in swinging door or gate,YES,weak
OSHA-2021010604,"An employee was troubleshooting the slide gate valve at the top of a materials silo. As the employee was reviewing the operation of the valve, the valve actuated and pinched his left thumb, resulting in a partial amputation.",Amputations,"Caught in running equipment or machinery during maintenance, cleaning",YES,weak
OSHA-20181010127,"An employee was repairing a dump truck on the side of the road when his finger was caught in the pulley and belt of a compressor. He suffered a partial amputation of the left ring finger at the tip, after the nail.",Amputations,"Caught in running equipment or machinery during maintenance, cleaning",YES,weak
OSHA-2016010692,"On 1/25/2016, an employee was struck by a door under negative pressure while attempting to enter it. The door slammed on and fractured her hip, requiring hospitalization.",Fractures,Struck by or caught in swinging door or gate,YES,weak
OSHA-2025010326,"An employee was using a wire spool dolly to load a large spool of cable onto a wire carousel. The employee slipped and fell to the ground, suffering a fractured and dislocated ankle. The employee was hospitalized.",Fractures and soft tissue injuries,Fall on same level due to slip or trip,YES,weak
OSHA-2024065118,"An employee was being certified on the forklift. While turning, it struck a stationary order picker in front of an aisle. The employee fractured their left foot, and they were hospitalized for surgery.",Fractures,Nonroadway collision with other vehicle(s) moving and standing vehicle,YES,human
OSHA-2024032237,"On March 12, 2024, an employee was placing a pallet in front of a loading dock while operating a reach truck. When he reversed the reach truck, his left foot and left hand became caught between the truck and the back of a pallet jack, resulting in lacerations to his hand and crush injuries to his foot.",Nonfatal 'crushing' injuries,"Nonroadway collision with other vehicle(s) moving in opposite directions, oncoming",YES,weak
OSHA-2018066305,An employee was walking on a conveyor belt when his left foot went through the conveyor belt and was fractured. He was hospitalized.,Fractures,"Caught in running equipment or machinery, unspecified",YES,weak
OSHA-2022108969,"An employee was utilizing an automatic lift table stacking system. The employee manually lowered the lift table using the control panel to retrieve a broken wood board that was severed into two pieces. As the employee reached to retrieve a piece of wood, the lift table started to rise, causing the employee's right hand to become caught between the lift table and the system frame. The employee sustained a fracture to the right little finger and a laceration to the right hand.",Fractures,Caught in running equipment or machinery during regular operation,YES,weak
OSHA-20191212835,"On December 14, 2019, at approximately 1:00 PM, an employee was walking through the parking lot returning to the store after break when she was struck by a motor vehicle, fracturing her right tibia and big toe.",Fractures,"Pedestrian struck by vehicle in nonroadway area, unspecified",YES,weak
OSHA-20221210838,"A temporary employee was cleaning the remaining beef from the hopper of a beef grinder machine when their hand was caught in the blade, resulting in a dislocation of the right shoulder and right wrist fracture.",Fractures and dislocations,"Caught in running equipment or machinery during maintenance, cleaning",YES,weak
OSHA-2017021178,"An employee was walking in the sawmill area when a powered industrial truck ran over her left foot, breaking it and requiring hospitalization.",Fractures,"Pedestrian struck by vehicle in nonroadway area, unspecified",YES,weak
OSHA-2021119825,"An employee was operating a skid forklift, which collided with another forklift. The employee sustained multiple injuries.","Traumatic injuries and disorders, unspecified","Nonroadway collision with other vehicle, unspecified",YES,weak
OSHA-2019010425,"An employee's left hand was caught between a chain and sprocket, resulting in a pinky finger amputation.",Amputations,"Caught in or compressed by equipment or objects, unspecified",YES,weak
OSHA-2016021217,"An employee was unloading a new chiller from a truck using the lift gate. While trying to get a dolly off of the truck, the chiller fell on and pinned the employee, fracturing his pelvis.",Fractures,"Struck by falling object or equipment, n.e.c.",YES,weak
OSHA-2022053830,"An employee was driving a forklift and loading pallets into a trailer. The employee leaned over to drop a receipt in the receipt box, and his foot hit the accelerator. The forklift then pinned his left leg against the wall in the loading dock area resulting in a laceration to his calf.","Cuts, lacerations",Part of occupant s body caught between vehicle and other object in nonroadway transport incident,YES,weak
OSHA-20241110467,"An employee was adjusting rollers on a cart when their right ring finger was caught between the rollers' brake and tray handle, resulting in a fingertip amputation.","Amputations, avulsions, enucleations unspecified",Caught or wedged between objects nonrunning,YES,weak
OSHA-20171111198,"An employee was holding an office door open with his left hand while reaching into the office with his right hand. His left little finger was then pinched by the automatic-closing door, causing a partial amputation.",Amputations,Struck by or caught in swinging door or gate,NO,human
OSHA-2020032143,"An employee slipped on a bubble of linoleum in the floor and fell, injuring his back.","Soreness, pain, hurt-nonspecified injury",Fall on same level due to slipping,NO,weak
OSHA-2015064141,"An employee was operating an overhead crane to move steel coils. While raising the crane to remove the lifting chain, the employee had his right hand on the lifting chain. The end of the chain got stuck and started to pull the coil towards an adjacent coil. The employee's right ring and middle fingers were pinched between the coil and lifting chain. The employee required surgery.","Soreness, pain, hurt-nonspecified injury",Compressed or pinched by shifting objects or equipment,YES,weak
OSHA-20251010389,"An employee was descending a ladder carrying a bag of trash. He fell, landed on the ground about 10 feet below, and suffered fractures to his right hip and pelvis.",Fractures,Other fall to lower level 6 to 30 feet,YES,weak
OSHA-2022076484,"A temporary employee was walking backward when they were struck by a reversing forklift. The employee was knocked down and the forklift subsequently ran over the employee's left leg, fracturing it.",Fractures,Pedestrian struck by vehicle backing up in nonroadway area,YES,weak
OSHA-2017065100,"While installing cable in an attic, an employee slipped on a joist and fell approximately 15 feet through the ceiling. The employee broke several ribs and punctured a lung, requiring hospitalization.",Internal injuries to organs and blood vessels of the trunk,Fall through surface or existing opening 11 to 15 feet,YES,weak
OSHA-2017010371,"An employee was installing a sign for a newly constructed gas station and was using a 14-foot extension ladder along with some hand tools. When he began to descend the ladder, it slid to the side. He then fell 12 feet to the ground below and injured his back, requiring hospitalization and surgery.","Soreness, pain, hurt-nonspecified injury",Other fall to lower level 11 to 15 feet,YES,weak
OSHA-2025032116,"An employee was walking across an uneven floor when they fell, resulting in a fractured leg.",Fractures,Fall on same level unspecified,NO,weak
OSHA-2022021265,"An employee was assembling parts. While lowering one part onto another using a crane, the employee's right little finger became caught between the parts, resulting in an amputation.",Amputations,Compressed or pinched by shifting objects or equipment,YES,human
OSHA-2015010136,"Employee received burns to his left index finger and portion of his left hand, while performing routine service on a plastic mold injection machine. Employees needed hospitalization at University of Rochester Strong Hospital.","Heat (thermal) burns, unspecified","Struck against object or equipment, unspecified",YES,human
OSHA-2015063555,An employee was injured when she tripped over a plastic band and fell to the floor.,"Traumatic injuries and disorders, unspecified",Fall on same level due to tripping over an object,NO,weak
OSHA-2016010489,An employee was working on a lathe when his sleeve got caught in the rotating shaft. His left arm was pulled in and broken.,Fractures,Caught in running equipment or machinery during regular operation,YES,weak
OSHA-20181212644,An employee was in the entrance area moving a cart back into place when a second employee bringing in carts from the parking lot came in and bumped the first employee from behind. The first employee fell to the floor and landed on her side. The employee's wrist and hip were broken.,Fractures,"Fall on same level, n.e.c.",NO,weak
OSHA-20201211577,"Two employees were installing the port rudder into a 58-foot marine vessel. The vessel was suspended in the hoist straps of a marine travel lift. The employees were supporting the rudder vertically under the vessel when the lift dropped the stern of the vessel approximately 12 inches. The rudder became tightly wedged between the bottom of the vessel and the gravel ground. One of the employees had their fingers crushed between the rudder and the ground. The injured employee's left index finger was amputated and the left middle finger was severely injured, but remained attached.",Amputations,Compressed or pinched by shifting objects or equipment,YES,weak
OSHA-20181212506,"An employee was exiting a roll-on/roll-off ship. While walking down the side ramp he slipped and fell, landing on the steel ramp surface an breaking his left hip.",Fractures,Fall on same level due to slipping,NO,weak
OSHA-2015107437,"An employee was loading a pallet onto a jack when the jack moved backwards, pinning the employee's right leg against a rack. The employee sustained a leg laceration.","Cuts, lacerations",Part of occupant s body caught between vehicle and other object in nonroadway transport incident,YES,weak
OSHA-2019010827,"An employee was cutting a 4x8 piece of laminate on a router. The laminate fell; the employee reached over, picked it up, and suffered an amputation to the right little fingertip from the router.",Amputations,Struck against moving part of machinery or equipment,YES,human
OSHA-20201212101,"An employee had setup a table saw to cut a small piece of wood. While cutting the wood, the blade of the saw caught the employee's left index finger and partially amputated it at the first knuckle.",Amputations,Struck against moving part of machinery or equipment,YES,weak
OSHA-2020021180,"On February 5, 2020, an employee was running a rewind slitting machine when his left arm was caught in between the rollers, crushing his left arm up to the elbow.",Crushing injuries,Caught in running equipment or machinery during regular operation,YES,weak
OSHA-2024010078,An employee was unloading a metal rolling cart from a truck to the loading dock when they fell off the liftgate to the ground. The employee sustained a right fourth rib fracture and displacement as well as a lung contusion.,"Closed trauma involving internal organs, major blood vessels",Other fall to lower level less than 6 feet,YES,weak
OSHA-2024087035,An employee was performing maintenance on an ice cream machine when his finger was caught in the gears. The employee sustained an amputation of their distal fingertip.,"Amputations, avulsions, enucleations unspecified","Struck by running powered equipment during maintenance, cleaning, testing",YES,weak
OSHA-2022076655,"At 1:15 a.m. on July 29, 2022, an employee was removing a ramp from the bumper of a box truck. The ramp fell on his fingers, partially amputating two of them.",Amputations,Struck by object falling from vehicle or machinery-other than vehicle part,YES,weak
OSHA-2022076191,"On July 15, 2022, a ready-mix truck driver was at a job site pouring concrete. He attached an extension chute to the primary chute (needing to force it into place because of concrete buildup) and began lowering the chutes. His right hand was caught between the two chutes, and the index fingertip was amputated.",Amputations,Struck by swinging part of powered vehicle,YES,weak
OSHA-2023098391,"An employee was transferring a heavy ammo box from a dolly to the delivery vehicle. He struck his knee cap. While re-entering the building, his knee buckled. While he was bracing for a fall, the second entry door of the receiving area closed on his left little finger removing flesh from the finger.",Amputations,"Fall on same level, n.e.c.",YES,human
OSHA-2019011100,"An employee was stepping off the shuttle bus, lost her footing and fell fracturing the right ankle.",Fractures,Other fall to lower level less than 6 feet,YES,weak
OSHA-2019043537,"An employee was servicing equipment when it started up. The employee's right index finger was caught between a fan pulley and a belt, causing an amputation to the upper part of the finger.",Amputations,"Caught in running equipment or machinery during maintenance, cleaning",YES,weak
OSHA-2024087099,"An employee was monitoring the offloading of a substructure for a drilling rig. A tandem truck driver backed up to the substructure and the employee helped set the drop-deck trailer and attach the tandem truck's bridal to the load. The employee then positioned himself on the driver's side of the truck to act as a spotter and manipulate the pop-up load rollers of the drop-deck trailer. As the load was being pulled from the trailer, the walking foot door was pulled against a load guide pin on the trailer. When that tension on the door released, it swung and struck the employee, causing him to strike another substructure component that was next to the load being offloaded. The employee was crushed between the two components and sustained injuries to their head, face, and upper torso, as well as fractured ribs.",Fractures,Contact incidents unspecified,YES,weak
OSHA-2017099140,An employee was cleaning out a column dryer when his right index fingertip was pinched and amputated between the feed rollers.,Amputations,"Caught in or compressed by equipment or objects, unspecified",YES,weak
OSHA-2016032259,An employee tripped over a small lip in the floor and fractured his humerus after striking the ground.,Fractures,Fall on same level due to tripping on uneven surface,NO,weak
OSHA-2020043198,An employee was manually shrink wrapping a pallet while walking around it. The employee tripped and fell to the floor of the loading dock. The employee sustained a broken left hip and was hospitalized.,Fractures,"Fall on same level due to tripping, unspecified",NO,weak
OSHA-2021053950,An employee was trimming excess leather from a boot on the inseam trimming machine when the workpiece slipped and his right index finger contacted the blade resulting in a partial amputation of the fingertip.,Amputations,Caught in running equipment or machinery during regular operation,YES,weak
OSHA-2018066432,"On June 27, at around 12:55 p.m., an employee was operating a powered pallet jack when they became pinned between the pallet jack and a bollard, suffering fractures to the left pelvis, hip, and tailbone. The employee was hospitalized.",Fractures,Part of occupant s body caught between vehicle and other object in nonroadway transport incident,YES,weak
OSHA-2022032328,Two mechanics were working to replace bearings on a cooling rack on a mixer. The mechanics were rotating the chain around the sprocket by hand to get to the master link chain. The chain slipped and an employee's right hand was caught between the chain and the sprocket resulting in amputation of the middle fingertip.,Amputations,Compressed or pinched by shifting objects or equipment,YES,weak
OSHA-2025065654,An employee had just exited a truck that had been parked at a yard. He was locking the truck's side bin when the truck's outrigger came down on his left foot and broke it. He was hospitalized.,Fractures,Struck by running powered equipment n.e.c.,YES,weak
OSHA-2025032656,"On March 20, 2025, an employee was conducting preventative maintenance and visual inspection of the chains in the bark hog waste chain area. They became caught between the bark incline chain and the sprocket while clearing a stick, resulting in amputation of their right forearm at the elbow. The machine was energized at the time.",Amputations involving bone loss,"Struck by running powered equipment during maintenance, cleaning, testing",YES,weak
OSHA-2019087959,An employee was cleaning a bean-grading machine in preparation for sanitation. The employee was opening the doors to clean the machine with a power washer when his right ring finger was caught by a roller with a solid bar. The finger was amputated at the second knuckle.,Amputations,"Caught in running equipment or machinery during maintenance, cleaning",YES,weak
OSHA-20190910051,An employee 's left thumb was caught in a safe door as it closed. He suffered an avulsion to the thumb tip.,"Avulsions, enucleations",Compressed or pinched by shifting objects or equipment,YES,weak
OSHA-2024076663,An employee was trying to retrieve a spray can from a chicken fryer using metal tongs. The can exploded and the employee suffered burns to the left side of the body. The employee was hospitalized.,Thermal burns degree unspecified,"Explosion of pressure vessel, piping, or tire",YES,weak
OSHA-2024043685,"Employees were installing hockey glass on the east end of an arena. The injured employee was holding a piece of glass and adjusting it in place when another piece of glass was pushed toward the injured employee. His left index finger was caught between the two pieces of glass, removing the fingertip.","Amputations, avulsions, enucleations unspecified",Caught or wedged between objects nonrunning,YES,weak
OSHA-2023075954,"An employee was in the feed mill at the feed yard cleaning rocks out of the rolls on a corn flaker. While removing rocks, the equipment grabbed his glove and pulled his right hand into the pinch point, resulting in surgical amputation of the right index and middle fingers.",Amputations,"Caught in running equipment or machinery during maintenance, cleaning",YES,weak
OSHA-2021064824,"An employee fell from a scaffold to the ground, landing on his back. He suffered a broken neck and pelvis, as well as torn muscles. He was hospitalized.",Fractures,"Other fall to lower level, unspecified",YES,weak
OSHA-2015096349,"An employee was performing preliminary work before siding work when a guardrail gave way, causing the employee to fall from a third-story platform to the ground. The employee broke both legs.",Fractures,Other fall to lower level more than 30 feet,YES,weak
OSHA-2019099853,An employee was changing a tire. The employee's right leg was pinned and lacerated between the tire-changing machine and the automobile.,"Cuts, lacerations","Caught in or compressed by equipment or objects, unspecified",YES,weak
OSHA-2021042952,An employee was removing a wall brace when a telehandler tire caught the employee's jeans and pulled him down to the concrete floor. The tire then ran over the employee's left foot and crushed it.,Crushing injuries,"Pedestrian struck by vehicle in nonroadway area, unspecified",YES,weak
OSHA-2018076641,"A 5-gallon waste can overpressurized while an employee was pouring a waste liquid into it. The can exploded, injuring the employee's hand, abdomen, and chin.","Soreness, pain, hurt-nonspecified injury","Explosion of pressure vessel, piping, or tire",YES,weak
OSHA-2025099160,"An employee was at a temporary job site setting up for a conference when she slipped on soap on the floor in a room and fell onto her back, resulting in vertebral compression fractures in her lower back that required hospitalization and surgery.",Fractures,Fall on same level due to slip or trip,NO,weak
OSHA-2016053917,An employee was working on a printing press and pinched a finger resulting in a fingertip amputation.,Amputations,"Caught in or compressed by equipment or objects, unspecified",YES,weak
OSHA-2021108576,"An employee was lining up 200-pound racks on a production line. His little finger was crushed between two of the racks, resulting in an amputation.",Amputations,Compressed or pinched by shifting objects or equipment,YES,weak
OSHA-2020077086,"An employee was unloading porcelain panels (5' x 10') from an A-frame storage unit. When he cut the tension straps, the panels collapsed on him resulting in fractures to both legs.",Fractures,"Struck by falling object or equipment, unspecified",YES,weak
OSHA-2015129266,"An employee tripped, fell, and fractured her hip, requiring surgery.",Fractures,"Fall on same level due to tripping, unspecified",NO,weak
OSHA-2023098471,"An employee was assembling a ripper conveyor chain. A chain consists of treads and an overhead crane is utilized to connect treads together. While placing a link in the chain assembly, a tread slipped and caught/pinched the employee s left hand/middle finger. They suffered a partial finger amputation without bone loss.",Amputations,"Contact with objects and equipment, unspecified",YES,weak
OSHA-2015042163,A 3-foot perforated pipe was being taken out of a trench for assembly. The pipe had residual methane gas that was ignited when the McElroy fusion equipment was turned on. An employee was severely burned and required hospitalization.,"Heat (thermal) burns, unspecified","Ignition of vapors, gases, or liquids",YES,human
OSHA-2017010615,An employee was setting up a chicken house to receive new chickens. She turned and slipped on a powdered pesticide coating the concrete floor. Her right leg folded under her as she fell resulting in a broken lower leg.,Fractures,Fall on same level due to slipping,NO,weak
OSHA-2019099885,"An employee was operating a chute for cattle movement. A steer reversed course and hit a cattle gate. The gate hit the employee, who then struck a secondary gate.","Traumatic injuries and disorders, unspecified",Struck by or caught in swinging door or gate,YES,weak
OSHA-20171111296,"An employee was cutting a piece of wood with a table saw when his fingertip was caught in the saw blade, amputating the tip of his right middle fingernail.",Amputations,Struck against moving part of machinery or equipment,YES,weak
OSHA-2025065368,"An employee was working on a scaffold that was three frames high. He was adjusting a post on a wall when the walk boards gave out from underneath him. He fell 18 feet to the ground floor. The employee sustained fractures to his right shoulder, rib, knee, and ankle.",Fractures,Fall to lower level from collapsing structure or equipment 6 to 30 feet,YES,weak
OSHA-2016098917,An employee fell six feet from a ladder on a wooden deck and broke his left ankle.,Fractures,Other fall to lower level 6 to 10 feet,YES,weak
OSHA-2019010433,"An employee was unloading a semi-truck into a route truck when the employee's feet became tangled in plastic wrap. The employee tripped and fell off the truck to the ground, suffering a concussion.",Concussions,"Other fall to lower level, unspecified",NO,weak
OSHA-2017054794,"The employee was performing a daily ride inspection when his left hand was caught in a sheave, amputating his middle and ring fingers to the first knuckle. As he used his right hand to free himself, the sheave injured his right hand.",Amputations,"Caught in or compressed by equipment or objects, unspecified",YES,weak
OSHA-2020010761,An employee was cleaning a grader drum with compressed air. His arm was caught and injured between the drum and the equipment's frame. He was hospitalized to treat a muscle injury.,"Traumatic injuries to muscles, tendons, ligaments, joints, etc., unspecified","Caught in or compressed by equipment or objects, unspecified",YES,weak
OSHA-20191010992,"On October 21, 2019, an employee was installing the rails for solar panels on the low pitched roof of a residence. When he walked backwards to check the alignment of the rails, he fell 10 feet to the ground. He landed on his feet and suffered two broken heels, requiring hospitalization. Fall protection equipment was not worn at the time of the incident.",Fractures,Other fall to lower level 6 to 10 feet,YES,weak
OSHA-2025077328,An employee was working near molten metal and experienced heat illness symptoms including cramps. The employee was hospitalized.,"Heat exhaustion, fatigue",Exposure to environmental heat unspecified,NO,weak
OSHA-2015042045,An employee performing a cable installation at the pole using a ladder was electrocuted and fell 20 feet to the ground. The employee was working alone at the time and was responsive when emergency response transported him to the hospital.,"Traumatic injuries and disorders, unspecified",Other fall to lower level 16 to 20 feet,YES,weak
OSHA-2015074834,"An employee in the shop's face-frames department was operating a machine press that punches holes into cabinetry. As the clamping mechanism came down, it amputated her left-hand pinky finger. The employee required surgery.",Amputations,Caught in running equipment or machinery during regular operation,YES,weak
OSHA-2024087518,An employee was shackling cows at the shackling station when his right thumb was caught in a shackle and he sustained an amputation to the thumb tip.,"Amputations, avulsions, enucleations unspecified","Caught, entangled in running powered equipment normal operation",YES,weak
OSHA-2022065466,"At about 1:00 a.m., on June 23, 2022, an employee's right index finger was caught in a shredder. The finger was amputated at the second knuckle.",Amputations,Caught in running equipment or machinery during regular operation,YES,weak
OSHA-2016054311,"Employees were going to lift a 40' x 30"" x 16.5"" launch with a crane. Prior to hooking, the stack tipped over and caught an employee's lower leg, injuring the employee's left ankle and foot.","Soreness, pain, hurt-nonspecified injury","Struck by falling object or equipment, n.e.c.",YES,weak
OSHA-2016076294,An employee was departing through the front entryway when the automatic door struck the employee. The employee fell and injured their left hip requiring surgery.,"Soreness, pain, hurt-nonspecified injury","Fall on same level, n.e.c.",NO,weak
OSHA-2021032373,"An employee was operating an electrical chain hoist. As he was engaging the hoist to lift, using the pendant with his right hand and holding the hook with his left, his left index fingertip was caught between two contact points. As the chain went in, the tension amputated the fingertip.",Amputations,Caught in running equipment or machinery during regular operation,YES,weak
OSHA-20191011297,"An employee was operating a powered lift truck when his left foot was crushed between a bollard and the lift truck, requiring hospitalization.",Crushing injuries,Part of occupant s body caught between vehicle and other object in nonroadway transport incident,YES,weak
OSHA-2024098211,"An employee was working on the core line when their leg became caught in the core line, resulting in a fractured leg.",Fractures,Struck by running powered equipment unspecified,YES,weak
OSHA-2017076341,An employee was cleaning the restroom and was hospitalized for dehydration.,"Effects of heat and light, n.e.c.",Exposure to environmental heat,NO,weak
OSHA-2025021374,"An employee was walking back to his truck cab when he slipped and fell on ice covered by freshly fallen snow, resulting in a torn quadricep muscle.","Major tears to muscles, tendons, ligaments",Fall on same level due to slip or trip,NO,weak
OSHA-2018010746,"On January 23, 2018, at 4:10 p.m., an employee was placing a brass valve into a water test tank on a fixture system when he inadvertently hit the back lever, causing the clamp that holds the valve in place to clamp on his left middle finger, amputating it.",Amputations,Caught in running equipment or machinery during regular operation,YES,weak
OSHA-20221210937,"An employee was loading a 60-pound stainless steel part onto a soup kettle fixture. The part fell onto his thumb, resulting in a possible amputation.",Amputations,"Struck by falling object or equipment, unspecified",YES,weak
OSHA-2022119824,"An employee was removing meat from a packing machine when their sleeve got caught in the conveyor roller. The employee's hand and arm were pulled into the machine, resulting in a fracture to the hand and arm. The employee was hospitalized.",Fractures,Caught in running equipment or machinery during regular operation,YES,weak
OSHA-2024109423,"Two employees were harnessed to a decommissioned tower when the tower fell. One employee sustained fractured bones and the other employee sustained fractured bones, bruises/contusions/abrasions, and they lost consciousness.",Fractures,Fall to lower level from collapsing structure or equipment unspecified,YES,human
OSHA-2019044114,"An employee's hand entered a machine that had been turned off and was caught between two rotating gears, resulting in a finger amputation.",Amputations,Compressed or pinched by shifting objects or equipment,YES,weak
OSHA-2019099949,An employee was struck by a motor vehicle while flagging traffic. The employee suffered a broken leg.,Fractures,"Pedestrian struck by vehicle in work zone, unspecified",YES,weak
OSHA-2019054605,An employee was using a bucket lift to work on the hull of a ship. The employee's hand was on the top of the bucket when the lift made contact with the hull of the ship and the employee's hand was caught between the bucket and the ship's hull. Two fingers were damaged and a third finger was medically amputated.,Amputations,Compressed or pinched by shifting objects or equipment,YES,weak
OSHA-2016109402,"An employee was helping to move a stick pipe. He was standing on the ground by the pipe wrangler and had his left hand on the pipe. The pipe skate was too close to the pipe so he motioned to the pipe wrangler operator to move the skate back. However, the skate moverd forward, pinching the employee's left index finger between the skate and the pipe. His left index finger was partially amputated.",Amputations,Compressed or pinched by shifting objects or equipment,YES,human
OSHA-2016065735,"An employee was checking the straps on the load on his trailer and moving empty carts in the loading area when he was struck by a forklift, breaking his right leg.",Fractures,"Pedestrian struck by vehicle in nonroadway area, unspecified",YES,weak
OSHA-20161110447,An employee was attempting to feed foam through a jammed slitter when his left thumb was caught on a roller and pulled into the blade compartment. He suffered a left thumb amputation.,Amputations,"Caught in running equipment or machinery during maintenance, cleaning",YES,weak
OSHA-2019054735,An employee was inserting small pieces of steel into an iron worker when the clamping mechanism activated and amputated a fingertip.,Amputations,Caught in running equipment or machinery during regular operation,YES,weak
OSHA-2019054969,"An employee was assisting in the laundry room when the door slammed on his right index finger, resulting in an amputation above the first knuckle.",Amputations,Struck by or caught in swinging door or gate,YES,weak
OSHA-2022065407,"An employee was installing a removable railing on a flatbed truck when his left ring finger was pinched between the railing and the bed of the truck, resulting in a fingertip amputation.",Amputations,Compressed or pinched by shifting objects or equipment,YES,weak
OSHA-2022087314,"An employee was near the top of a ship ladder when he fell, landing on the floor about 10 feet below and suffering injuries to the hip, wrist, and head.","Soreness, pain, hurt-nonspecified injury",Other fall to lower level 6 to 10 feet,YES,weak
OSHA-2023054306,An employee was taking pictures of a trailer when they were struck by a forklift and sustained an ankle fracture.,Fractures,Pedestrian struck by vehicle backing up in nonroadway area,YES,weak
OSHA-2021119716,"On November 10, 2021, an employee was moving a 15-foot steel beam with an overhead crane. The beam begun to swing, fell, and struck the employee. The employee suffered chin and shoulder lacerations and a broken collarbone and was hospitalized.",Fractures,Struck by object falling from vehicle or machinery-other than vehicle part,YES,weak
OSHA-20171111342,An employee was attempting to check a discharge pipe on a rotary seal machine when the employee's glove was caught by the rotary seal blade. The blade then amputated the employee's right middle fingertip.,Amputations,"Caught in running equipment or machinery, n.e.c.",YES,weak
OSHA-2023076831,"An employee was clearing an obstruction on a conveyor line using a ladder frame when they fell back onto the floor, striking their head. The employee sustained head trauma.","Intracranial injuries, unspecified","Fall on same level, unspecified",NO,weak
OSHA-2016065827,"An employee fell approximately 10 feet from a double gang job ladder to the lower level and suffered injuries including two fractured ribs, a punctured lung and a laceration to the back of the head.",Internal injuries to organs and blood vessels of the trunk,Other fall to lower level 6 to 10 feet,YES,weak
OSHA-2024010654,"An employee was clearing the stuck pulley of the aerator. As the pulley became unstuck, the employee's right ring finger was caught in either the pulley or the blades of the aerator, amputating the fingertip. The machine was not locked or tagged out at the time.","Amputations, avulsions, enucleations unspecified","Struck by running powered equipment during maintenance, cleaning, testing",YES,weak
OSHA-2024065241,An employee was installing drain pipe and pushed the pipe away. When it came back he used his right arm to block it and fractured his arm.,Fractures,"Struck by propelled, falling, or suspended object unspecified",YES,weak
OSHA-2016065710,"An employee was inching paper through a printing feed to clear a tear when the blade advanced on his finger. The skin was removed from his right middle finger, requiring surgery.","Avulsions, enucleations","Caught in running equipment or machinery, unspecified",YES,weak
OSHA-2016076482,Two employees were working in a lift bucket truck cleaning a cross arm when the boom failed and the bucket hit the truck. One employee remained in the bucket and the other was thrown out of the bucket. Both employees were attached to the bucket with harnesses and lanyards. One employee received a broken rib and bruising.,Fractures,"Other fall to lower level, unspecified",YES,weak
OSHA-2016043515,"An employee was wiping a roller with a rag when the roller pulled the rag and the employee's right hand in, breaking skin and causing lacerations.","Cuts, lacerations","Caught in running equipment or machinery during maintenance, cleaning",YES,weak
OSHA-2022098516,An employee was helping load a trailer. The vehicle was jostled and his left middle finger was crushed between the truck and the hitch. He suffered an amputation to the finger.,Amputations,Compressed or pinched by shifting objects or equipment,YES,weak
OSHA-2018043459,An employee was putting vegetation into a hopper when two of his left-hand fingers were amputated by the hopper blade roller.,Amputations,Caught in running equipment or machinery during regular operation,YES,human
OSHA-2021087075,An employee was rolling a piece of metal in a rotary machine when their glove got caught on the corner of the piece and the machine partially amputated their left index finger.,Amputations,Caught in running equipment or machinery during regular operation,YES,weak
OSHA-2024088042,"An employee stepped onto a scaffold made of two ladders and a wooden board. The scaffolding collapsed and the employee fell head first to the ground 8 feet below, suffering a head injury.",Intracranial injuries unspecified,Fall to lower level from collapsing structure or equipment 6 to 30 feet,YES,weak
OSHA-2021043207,"On April 17, 2021, an employee was walking when they tripped and fell on the ground, sustaining a broken hip. The employee was hospitalized.",Fractures,"Fall on same level due to tripping, unspecified",NO,weak
OSHA-2020076159,"An employee tripped on a path between an office area and a garage. The employee fell to the ground, suffering a herniated disk in the lower back.",Herniated discs,"Fall on same level due to tripping, unspecified",NO,weak
OSHA-2021064590,An employee suffered a finger amputation while working with a lead stripping machine.,Amputations,"Caught in running equipment or machinery, unspecified",YES,weak
OSHA-20181010670,"An employee was trying to re-light the pilot light on a combustor. It failed to ignite, then ignited when the door to the box was opened. A flash fire burned the employee's hands and face.","Heat (thermal) burns, unspecified",Small-scale (limited) fire,YES,weak
OSHA-2025066107,An employee was walking to his personal vehicle after delivering packages. His legs began to cramp up and he had chest pains. The employee was hospitalized for heat-related illness.,"Heat exhaustion, fatigue",Exposure to environmental heat outdoor,NO,weak
OSHA-2015063959,An employee amputated the tip of his right hand while clearing a jam on the sealer 2 machine.,Amputations,"Caught in running equipment or machinery during maintenance, cleaning",YES,weak
OSHA-2015010622,A worker was fabricating a spool from steel. A portion of the steel fell onto the worker's hand and sliced through the tip of his pinky.,Amputations,"Struck by falling object or equipment, unspecified",YES,weak
OSHA-2021075715,"An employee was standing on a 14-inch, 60-foot-long, 73-pound-per-foot H-pile lying on dunnage. A rough-terrain forklift was being used to move a 6-inch, 12-foot-long channel on its forks. The end of the channel clipped the end of the H-pile, causing it to roll off the dunnage and strike the employee's lower leg. The employee suffered fractures to the lower leg and ankle, with no open wounds.",Fractures,"Struck by falling object or equipment, n.e.c.",YES,weak
OSHA-2021119821,"An employee was walking from the parking lot into work when they slipped off the curb and fell, resulting in a fractured right leg.",Fractures,Other fall to lower level less than 6 feet,YES,weak
OSHA-2022108668,"On October 2, 2022, an employee was attempting to unjam a pallet on a rack system and fell approximately 17 feet to the concrete floor. They were hospitalized with a broken left leg and a pelvic fracture.",Fractures,Other fall to lower level 16 to 20 feet,YES,weak
OSHA-2023010641,"An employee was unloading a pickup truck when carts with curtain wall materials fell off the truck and struck the employee. They sustained fractures to the right knee, left shin, and right wrist.",Fractures,Struck by object falling from vehicle or machinery-other than vehicle part,YES,weak
OSHA-2018065835,An employee was walking behind a trackhoe when it backed up and ran over both of the employee's legs. The employee was hospitalized with leg lacerations.,"Cuts, lacerations",Pedestrian struck by vehicle backing up in nonroadway area,YES,weak
OSHA-2020021738,An employee was calibrating the dye on a hydraulic press when the employee's right thumb was caught and amputated in a pinch point on the hydraulic press shaft.,Amputations,"Caught in running equipment or machinery, n.e.c.",YES,weak
OSHA-2023053881,A maintenance electrical technician was troubleshooting a fault on the steel plant's water treatment river water pump when their left middle finger got caught in a knife gate valve. Their fingertip was partially amputated.,Amputations,"Caught in or compressed by equipment or objects, unspecified",YES,human
OSHA-2025010429,"An employee was helping to lift a cylinder assembly with a remote-controlled overhead crane when the cylinder slipped out of the basket hitch and pinched the employee's right hand, resulting in amputation of their index and middle fingertips.","Amputations, avulsions, enucleations unspecified",Struck by other falling object n.e.c.,YES,weak
OSHA-20231211221,"An employee was doing electrical work from a ladder. The employee lost balance and fell from the ladder to the floor, suffering a broken heel.",Fractures,"Other fall to lower level, unspecified",YES,weak
OSHA-2025032338,"An employee was cleaning a series of three rollers that moved product into a glue spreader machine. The machine grabbed her left hand, which was crushed between two rollers. She was hospitalized.",Nonfatal 'crushing' injuries,"Struck by running powered equipment during maintenance, cleaning, testing",YES,weak
OSHA-2024087719,An employee was removing cellulose insulation from an attic space using an insulation removal vacuum. The employee's hand was caught in the machine resulting in amputation of their right index finger. The vacuum machine was running at the time.,Amputations involving bone loss,"Caught, entangled in running powered equipment normal operation",YES,weak
OSHA-2024098614,An employee was refueling an air compressor that had recently run out of fuel. Gasoline spilled onto the hot air compressor causing it to ignite and the employee suffered second-degree burns to the left forearm.,Thermal burns second degree,Vehicle or machinery fire,YES,human
OSHA-20161212050,An employee was operating a mechanical hydraulic press and cut the tip of his left hand middle finger at the point of operation. The tip was surgically amputated the following day.,Amputations,Caught in running equipment or machinery during regular operation,YES,weak
OSHA-2018099376,An employee was stepping out of her mail truck in a parking lot. She slipped in a water puddle and broke her right ankle.,Fractures,Fall on same level due to slipping,NO,weak
OSHA-2020098553,An employee was loading a truck when he tripped over a pallet and fell from the raised gate to the ground. The employee was hospitalized with a broken wrist and pelvis.,Fractures,"Other fall to lower level, unspecified",NO,weak
OSHA-2024032145,An employee was loading a flatbed truck and securing the load when their foot slipped off the cab of the truck that was damp from early morning dew. The employee fell to the ground and fractured their pelvis.,Fractures,Other fall to lower level unspecified,YES,human
OSHA-20181112070,"While doing landscape work in a garden, an employee tripped over a speaker rock and broke his leg.",Fractures,Fall on same level due to tripping over an object,NO,weak
OSHA-2023010876,An employee was pushing a hopper cart full of dough when their right index finger was caught between the wheels of the cart and a rail. The fingertip sustained an amputation with an open fracture.,Amputations,Struck by rolling object or equipment being pushed by injured worker,YES,weak
OSHA-2016076120,"On July 8, 2016, at approximately 1:15 PM, an employee was bending pieces of metal in a pneumatic parts bender. When he attempted to remove a part from the machine, the pneumatic bending piston crushed and amputated his right index fingertip just below the nail.",Amputations,Caught in running equipment or machinery during regular operation,YES,weak
OSHA-2019066325,"An employee bent down to pick up a small section of rebar so a backhoe operator would not run over the rebar and puncture a tire. When the employee stood upright and started walking, he tripped on a small object, causing him to fall and land on his right shoulder. He was hospitalized due to a right shoulder fracture.",Fractures,Fall on same level due to tripping over an object,NO,weak
OSHA-2017043428,"An employee fell approximately 12 ft. from a scissor lift while doing electrical work. The employee suffered multiple fractures including vertebrae, foot, wrist and hip.",Fractures,Other fall to lower level 11 to 15 feet,YES,weak
OSHA-2021098153,"An employee was opening a railcar door when the door fell from its hinges and struck him. The employee sustained fractures to the T5 and C5 vertebrae, and a laceration to the face.",Fractures,"Struck by falling object or equipment, n.e.c.",YES,weak
OSHA-2020099210,An employee was feeding sheet metal into the transverse duct connector machine when his hand was pinched between the first set of rollers resulting in medical amputation of his left index fingertip.,Amputations,Caught in running equipment or machinery during regular operation,YES,weak
OSHA-2025065938,"During fluid end maintenance, an employee was sliding the seat puller (a hand tool), which was positioned on top of the fluid end, from hole 1 to hole 2. The seat puller fell into hole 2. At the time, the employee s right hand was resting on the fluid end, and their right middle fingertip was pinched between the fluid end and the seat puller. The employee's fingertip was partially amputated.","Amputations, avulsions, enucleations unspecified",Struck by falling object unspecified,YES,weak
OSHA-2019099095,"During a joint operation, a marine interdiction agent and a border patrol agent suffered smoke inhalation due to a boat fire.","Poisoning, toxic, noxious, or allergenic effect, unspecified",Vehicle or machinery fire,YES,human
OSHA-2023065592,"An employee was entering an office building in the morning. As she walked through the outside door, which had a self-closing hinge, it closed on her left index finger and amputated the tip.",Amputations,Struck by or caught in swinging door or gate,YES,weak
OSHA-20181010268,"An employee was using an electric pallet jack to move stock. The jack pinned the employee's right foot against a wall, breaking it.",Fractures,Part of occupant s body caught between vehicle and other object in nonroadway transport incident,YES,weak
OSHA-2016032511,"While loading friction paper into a laminator, an employee's left hand became caught between platens, lacerating the third and fourth fingers. The fourth finger had to be surgically amputated.",Amputations,Caught in running equipment or machinery during regular operation,YES,weak
OSHA-2020054362,"On May 11, 2020, an employee was feeding panels into a double end tenoner when the blade cut her left hand/fingers.","Cuts, lacerations",Caught in running equipment or machinery during regular operation,YES,weak
OSHA-2022086863,"An employee was standing next to a concrete drain box. A track excavator bumped the box with its counterweights, causing it to fall over and pin the employee beneath it. The employee suffered a broken left shoulder, two broken ribs, a broken left kneecap, and a partial amputation to the right foot.",Amputations,"Struck by falling object or equipment, n.e.c.",YES,weak
OSHA-2015107407,"An employee was doing maintenance on a dough sheeter in the bakery department. The machine's housing was off at the time of the incident. His finger got caught between the chains and the housing, amputating the fingertip below the fingernail.",Amputations,"Caught in running equipment or machinery during maintenance, cleaning",YES,weak
OSHA-2025032355,An employee was driving a forklift out of a trailer when it struck another forklift. The employee's hand was trapped between the two forklifts and he suffered a broken wrist.,Fractures,Nonroadway collision with other vehicle(s) unspecified,YES,weak
OSHA-2022076538,"An employee was working in a warehouse selecting packages to sort into a bin. Upon reaching for a package on the conveyor belt, the employee turned to step and tripped and fell, resulting in an injury to the middle back.","Soreness, pain, hurt-nonspecified injury","Fall on same level due to tripping, unspecified",NO,weak
OSHA-2017065933,"An employee was holding a sheet of metal with a coworker while another coworker was operating a brake press machine. One of his coworkers told him to move the brake press's pedal away from their work station. As he moved the pedal with his foot, he lost balance and caught himself by resting his right hand on the brake press. At the same time, the press engaged and amputated his right pinky finger.",Amputations,"Caught in running equipment or machinery, n.e.c.",YES,weak
OSHA-20181213021,"On Wednesday, December 19 at approximately 10:00 p.m. an employee was retrieving boxes to take to her work station when she was struck by a forklift that was backing up resulting in injuries to both lower legs. The employee was hospitalized for surgery.",Fractures,Pedestrian struck by vehicle backing up in nonroadway area,YES,weak
OSHA-2015040624,An employee's left middle fingertip was amputated after getting caught in the door.,Amputations,Struck by or caught in swinging door or gate,YES,weak
OSHA-2016042780,"An employee delivering food fell from the lift gate of the delivery truck to the ground, breaking a leg.",Fractures,Other fall to lower level less than 6 feet,YES,weak
OSHA-2019043745,An employee was retrieving a piece of plastic from a plastic cutter machine when the blade amputated his left ring and middle fingertips. The machine was guarded at the time.,Amputations,"Caught in running equipment or machinery, unspecified",YES,weak
OSHA-20181010823,"An employee was transferring from a blowout prevention structure to a man basket when he fell approximately 12 to 13 feet to the ground below, fracturing his pelvis and ribs. He was hospitalized. The employee's lanyard was untied at the time of the incident.",Fractures,Other fall to lower level 11 to 15 feet,YES,weak
OSHA-2016088045,"An employee was hospitalized for heat exhaustion. For approximately one hour, the employee was securing a load of pipe on a flatbed trailer. Standing on the ground, the employee was throwing straps over the load and ratcheting tight.","Heat exhaustion, prostration",Exposure to environmental heat,NO,weak
OSHA-2020032553,An employee was exiting the receiving area and tripped and fell to the floor while stepping over product that was on a partially empty pallet. The employee sustained a broken hip.,Fractures,Fall on same level due to tripping over an object,NO,weak
OSHA-2016109592,"An employee was responding to an emergency gas leak when an explosion occurred nearby. The employee suffered multiple injuries, including bone fractures.",Fractures,"Explosion, unspecified",YES,weak
OSHA-20191111716,An employee was operating a garbage truck. Part of the vehicle caught him and fractured his wrist.,Fractures,Caught in running equipment or machinery during regular operation,YES,weak
OSHA-2024021241,An employee was moving some operable wall panels when an astragal trim piece fell off one of the panels and struck their head.,Traumatic injuries or exposures unspecified,Struck by other falling object n.e.c.,YES,weak
OSHA-2017065331,"An employee was cleaning a motel room and preparing it for the next customer. As she was re-dressing the bed, she backed up and slipped on the bed sheet lying on the floor. She fell and fractured her left hip, requiring hospitalization.",Fractures,Fall on same level due to slipping,NO,weak
OSHA-2020065500,An employee was standing near a shaft while it was being moved with an overhead crane. The shaft bumped into another shaft which hit the employee's foot. His right foot was fractured.,Fractures,"Struck by object or equipment, n.e.c.",YES,weak
OSHA-20161111085,An employee was preparing to clean the ink tray of a printing machine when he stumbled and put his left hand out to catch himself. His hand entered the machine's unguarded rollers and was de-gloved.,"Avulsions, enucleations","Caught in running equipment or machinery during maintenance, cleaning",YES,weak
OSHA-2017076914,"An employee was cleaning tables in the staff dining room. The employee attempted to close the outside door with his left hand and caught his right hand between the door and door frame, resulting in amputation of the middle fingertip.",Amputations,Struck by or caught in swinging door or gate,YES,weak
OSHA-2024054038,"An employee was running through the cafeteria when they tripped over their feet and fell to the floor, fracturing their hip. The employee was hospitalized.",Fractures,Fall on same level due to slip or trip,NO,weak
OSHA-2015097217,AN employee was loading potatoes into the trailer hopper and fell approximately 4 to 10 feet from a platform fracturing the pelvis.,Fractures,Other fall to lower level 6 to 10 feet,YES,weak
OSHA-2020087902,An employee was washing down a conveyor belt. He slipped on a platform and his glove went into a 3/4-inch gap in the back of the chain guard. The chain drive pulled in his hand. He suffered amputations to the left ring and index fingers.,Amputations,"Caught in running equipment or machinery during maintenance, cleaning",YES,weak
OSHA-2017043889,"An employee was replacing an overhead chute that had a hole in it. He began to clean excess cake mix off of the auger when his hand contacted the sifter auger, amputating his index and middle fingers to the first knuckle. The auger was not locked/tagged out at the time.",Amputations,"Caught in running equipment or machinery during maintenance, cleaning",YES,weak
OSHA-20211210364,"An employee was in a box trailer. The employee stepped aside to allow someone to pass, tripped on the wire connecting the trailer ramp/door to the trailer, and fell backward off the trailer, landing on the ground and suffering a broken left ankle.",Fractures,Other fall to lower level less than 6 feet,YES,weak
OSHA-20221210650,"An employee was removing one of two roll plates from a motor stator. The roll plates were hot due to a baking process to cure their varnish coating. The employee attached an overhead bridge crane to the plate for support while the plate was unbolted from the motor stator. The crane was attached to the wrong roll plate, causing the unsupported plate that the employee was working on to fall onto his leg after the bolts were removed. The employee suffered a fracture to his lower right leg and a second-degree burn.",Fractures and burns,"Struck by falling object or equipment, unspecified",YES,weak
OSHA-2024087003,"An employee was closing the roll-up door on a semi trailer when his left ring finger became caught between two door panels, resulting in an amputation.","Amputations, avulsions, enucleations unspecified","Struck by door, gate, window",YES,weak
OSHA-2016098327,A temporary employee was operating a powered pallet jack and caught his left foot between the powered pallet jack and a pole resulting in a compound fracture.,Fractures,Part of occupant s body caught between vehicle and other object in nonroadway transport incident,YES,weak
OSHA-2022087733,"An employee had climbed an 8-foot A-frame ladder to reach a ceiling to replace a section of copper pipe. He placed plywood above the t-grid ceiling framing, and was above the ceiling when he tripped on a junction box, and fell approximately 9 feet, landing on the concrete floor. The employee suffered fractures to the tibia, fibula, and ankle, and a dislocated left foot.",Fractures,Fall through surface or existing opening 6 to 10 feet,YES,weak
OSHA-2020010818,"An employee was working on a hanging furnace while standing on a ladder when the employee fell approximately 4 feet to the floor, suffering a head injury that required hospitalization.","Intracranial injuries, unspecified",Other fall to lower level less than 6 feet,YES,weak
OSHA-2024065160,An employee was bending two pieces of rebar in a machine when their left index finger was pinched between the rebar and the backup ram on the table resulting in amputation of the fingertip.,"Amputations, avulsions, enucleations unspecified","Caught, entangled in running powered equipment normal operation",YES,weak
OSHA-2024065234,An employee was using a MIG welder to weld nuts onto a door when their welding jacket caught on fire. The employee was hospitalized with second-degree burns on their back.,Thermal burns second degree,Ignition of clothing,YES,weak
OSHA-2024032165,"An employee was walking out to her vehicle when she tripped and fell onto the concrete, suffering a right hip fracture that required surgery.",Fractures,Fall on same level due to slip or trip,NO,weak
OSHA-2018065713,An employee was dismantling a building and fell approximately 14 feet from a truss resulting in back injuries. Fall protection was not attached at the time.,"Soreness, pain, hurt-nonspecified injury",Other fall to lower level 11 to 15 feet,YES,weak
OSHA-20231211149,"On December 6, 2023, an employee's right hand was on the hinged side of a door jamb when the door closed, resulting in a partial amputation and a fracture to the right little fingertip.",Amputations,Struck by or caught in swinging door or gate,YES,weak
OSHA-2021010040,"An employee went to release a kink in a flexible hose of a dewatering system/pump when his fingers got caught between the hose, resulting in injuries to three fingers and a dislocated wrist on right hand.",Dislocation of joints,Entangled in other object or equipment,YES,weak
OSHA-2019076960,An employee was monitoring ladles and was hospitalized due to heat related illness.,"Effects of heat and light, unspecified",Exposure to environmental heat,NO,weak
OSHA-2017076583,"An employee was standing next to equipment that was being moved when a piece of the equipment fell off and hit his face, fracturing his jaw.",Fractures,"Struck by falling object or equipment, unspecified",YES,weak
OSHA-2021119822,"An employee was on top of a battery condenser. The equipment caught his left arm, degloving it and breaking it in several places.",Fractures,"Caught in running equipment or machinery, unspecified",YES,weak
OSHA-2021087432,"Employees had been replacing a conveyor roller. When the conveyor was restarted, an employee's gloves were caught in the chain resulting in amputation of the right index fingertip.",Amputations,"Caught in running equipment or machinery during maintenance, cleaning",YES,weak
OSHA-2023109146,An employee was working on a scissor lift when a portion of the unit came down and struck their head at the lift base. The employee sustained a head laceration and a skull fracture.,Fractures,Struck by falling part of powered vehicle still attached,YES,weak
OSHA-2020098348,"After working with 2-by-4s in direct sunlight, an employee became overheated and started cramping. The employee was hospitalized, suffering from heat exhaustion and dehydration.",Multiple effects of heat and light,Exposure to environmental heat,NO,weak
OSHA-20221110117,"An employee was walking to the processing area when she was struck by a forklift carrying stacked pallets. The employee fell to the floor. The forklift then reversed with the employee caught on the pallet, causing her to be dragged by the vehicle. She sustained a fractured left ankle.",Fractures,"Pedestrian struck by vehicle in nonroadway area, unspecified",YES,human
OSHA-2022043161,"An employee had been working outside during the day on April 11, 2022, where the temperature reached a high of 89 degrees. The employee drove to a gas station where he fell ill. The employee was hospitalized for heat exhaustion.","Heat exhaustion, prostration",Exposure to environmental heat,NO,weak
OSHA-2019010830,"An employee was sweeping up in a loading dock area when a truck hit him, crushing his ribs.",Crushing injuries,"Pedestrian struck by vehicle in nonroadway area, unspecified",YES,weak
OSHA-2022109394,"On October 26, 2022, at approximately 9:00 a.m., a framing employee was working from the top plate on a second-level wall when he fell to the ground below. The employee was hospitalized with fractures to their lumbar column and right foot. The employee was wearing fall protection that was not tied off at the time.",Fractures,Other fall to lower level 11 to 15 feet,YES,weak
OSHA-2015107882,An employee was on the ground performing a safety check on his fork truck when another fork truck driver backed into the aisle and pinned the injured employee between the two fork trucks. Both lower legs were crushed.,Crushing injuries,Pedestrian struck by vehicle backing up in nonroadway area,YES,weak
OSHA-2022054087,An employee was moving a swing stage in an air plenum. The employee had just raised the swing stage to pass over a divider. The employee stood on an angle brace to push the pendant over. The employee then jumped down and their feet got caught in a floor vent causing them to fall backward and fracture both legs.,Fractures,"Other jump to lower level, unspecified",YES,weak
OSHA-2015118835,"A janitorial employee was walking out a women's bathroom and collided with a customer. As a result, the employee fell to the ground and fractured the right femur.",Fractures,"Fall on same level, n.e.c.",NO,weak
OSHA-2021042889,An employee was loading product when their right arm became caught in the conveyor and was amputated at the shoulder.,Amputations,Caught in running equipment or machinery during regular operation,YES,weak
OSHA-2017065473,"An employee was emptying a ribbon mixer and attempting to grab a piece of meat when the ribbon mixer caught the employee's fingers, amputating three fingers at the first knuckle. The mixer was guarded at the time.",Amputations,Caught in running equipment or machinery during regular operation,YES,weak
OSHA-2019088097,"While operating a fiberglass mat cutter, an employee's finger was caught in a pneumatic clamping mechanism. The employee sustained an amputation to the left index fingertip.",Amputations,Caught in running equipment or machinery during regular operation,YES,weak
OSHA-2025087725,"An employee was standing on a scaffold approximately 7 feet high and passing plywood sheets to another employee on a single-story roof. The employee fell backward off the scaffold to the ground below and the sheet of plywood fell on him, resulting in fractures to the left side of his jaw and three ribs.",Fractures,Other fall to lower level 6 to 30 feet,YES,weak
OSHA-2015097209,"On or about 9/3/15, a temp worker injured her finger while operating a printing machine in the Cardboard Box Department. Part of her finger had to be amputated.",Amputations,Caught in running equipment or machinery during regular operation,YES,weak
OSHA-2020026119,"An employee was attempting to clean a conveyor machine part when his left index finger became caught on the conveyor, resulting in the amputation of his fingertip. The conveyor was running at the time of the incident.",Amputations,"Caught in running equipment or machinery during maintenance, cleaning",YES,weak
OSHA-2022054481,"An employee was guiding a rotor that was lifted by a crane. As the rotor was lowered into a motor, the tip of the employee's right thumb was crushed between the rotor and the motor, resulting in partial amputation of the bone.",Amputations,Compressed or pinched by shifting objects or equipment,YES,weak
OSHA-2022021088,"On February 5, 2022, an employee was staging metal plates on a ship. A crane was lowering a 96 inch by 24 inch steel plate into the ship's ballast tank area when the employee was pinched between the suspended load and the structural components of the ballast tank. The employee sustained multiple rib fractures, a punctured lung, and lacerated liver and spleen.",Internal injuries to organs and blood vessels of the trunk,Machinery or equipment incident on water vehicle,YES,weak
OSHA-2019021336,"On February 6, 2019, an employee was loading a jack into a manual press and attempting to secure it when the jack leg fell and struck the back of his head. He suffered a concussion.",Concussions,"Struck by falling object or equipment, unspecified",YES,weak
OSHA-20191212827,"An employee had finished using an overhead crane with a c-hook attachment to unload steel coils off a flatbed trailer. Employees were trying to use a forklift to pick up the attachment for use at a different crane when the attachment fell over onto the crane operator, causing a broken left leg.",Fractures,"Struck by falling object or equipment, unspecified",YES,weak
OSHA-2017065178,"On 6/07/17, an employee was using a tunnel boring machine drill to install rock bolts in a tunnel roof when his right jacket sleeve became caught and began to twist around the drill steel, restraining and breaking his lower right arm.",Fractures,Caught in running equipment or machinery during regular operation,YES,weak
OSHA-2021077494,"An employee got up from their desk, tripped on the chair, and fell suffering a broken patella.",Fractures,Fall on same level due to tripping over an object,NO,weak
OSHA-2023042983,"An employee was entering a building to begin his shift when his finger became stuck in the door, resulting in a fingertip amputation.",Amputations,Struck by or caught in swinging door or gate,YES,weak
OSHA-2024032171,An employee was walking from the break room to the front of the store when they tripped over the corner of a pallet and fell resulting in a concussion and injury to the right side of the face.,Concussions,Fall on same level due to slip or trip,NO,weak
OSHA-20161211801,"An employee was operating a jelly cup packing machine when it became energized. The employee's left index finger then contacted a moving part, amputating the distal tip.",Amputations,Caught in running equipment or machinery during regular operation,YES,weak
OSHA-20201110490,An employee was bolting a transmission into place on a vehicle that was on a lift when the transmission fell striking the employee on the head. The employee sustained bruising to the head.,"Bruises, contusions","Struck by falling object or equipment, n.e.c.",YES,weak
OSHA-2022032208,An employee was in a lift installing parts inside a wind tower. The lift moved up while the employee's foot was outside it and was caught between the lift and a ladder rung. The employee's toes were amputated and the employee was hospitalized.,Amputations,Caught in running equipment or machinery during regular operation,YES,weak
OSHA-2016043564,An employee suffered a partial amputation of the left middle finger while connecting a tow bar to a forklift's attachment. The employee's finger got pinched between the tow bar and the pintle hook on the attachment.,Amputations,Compressed or pinched by shifting objects or equipment,YES,weak
OSHA-2019065992,"An employee was operating a tractor when it became stuck in the field. While he was unhooking the chain from the front axle, the steering wheel was inadvertently turned, pinning the employee between the front tire and the tractor frame. He broke 8 ribs and punctured a lung.",Internal injuries to organs and blood vessels of the trunk,Caught in running equipment or machinery during regular operation,YES,weak
OSHA-2023087332,An employee was cleaning a client's bathroom when she fell on the floor. The employee was hospitalized with a back injury.,"Soreness, pain, hurt-nonspecified injury","Fall on same level, unspecified",NO,weak
OSHA-2016021746,An employee was trying to put plastic up on a building to protect it against the elements. The wind caught the plastic and knocked the employee off the 12-foot ladder. The employee suffered a hairline fracture of the lower back.,Fractures,Other fall to lower level 11 to 15 feet,YES,weak
OSHA-2021021614,An employee slipped in snow and fell to the ground while walking to a vehicle. The employee suffered a broken femur and was hospitalized.,Fractures,Fall on same level due to slipping,NO,weak
OSHA-2015031057,An employee was replacing an overhead door recoil cable when the cable tightened and pressed his thumb against the overhead door track. His left thumb was amputated at the tip of the bone.,Amputations,Compressed or pinched by shifting objects or equipment,NO,weak
OSHA-2016109785,An employee fell approximately 8 feet while securing a ladder to a building. She landed on her back and was hospitalized.,"Soreness, pain, hurt-nonspecified injury",Other fall to lower level 6 to 10 feet,YES,weak
OSHA-2022032549,"At about 2:05 p.m. on March 22, 2022, an employee fell while walking through a bakery department. Her head struck the floor and she was hospitalized.","Soreness, pain, hurt-nonspecified injury","Fall on same level, unspecified",NO,weak
OSHA-2021075801,An employee was starting a pit scraper machine. The employee's right middle finger was caught in the machine's belt and pulley system. The fingertip was medically amputated.,Amputations,Caught in running equipment or machinery during regular operation,YES,weak
OSHA-2016109811,An employee was operating a 60-ton press to cut steel and amputated the tip of his right middle finger.,Amputations,Caught in running equipment or machinery during regular operation,YES,weak
OSHA-2017053932,An employee was loosening turnbuckles to remove lashing bars from containers when one of the bars came loose and fell and struck the employee's mouth. The employee suffered a fractured jaw and broken teeth.,Fractures,"Struck by falling object or equipment, n.e.c.",YES,weak
OSHA-2025021881,"An employee was working to unjam a board in a ripsaw. The metal rod the employee was using slipped and caught his left index finger against the saw guard, resulting in a fingertip amputation.","Amputations, avulsions, enucleations unspecified","Struck by running powered equipment during maintenance, cleaning, testing",YES,weak
OSHA-2015052562,"An employee was cutting a piece of scrap steel wire using a propane/oxygen torch. The wire was placed on top of a scrapped hydraulic cylinder that contained a residual amount of hydraulic fluid. While cutting the wire, the employee cut through the cylinder, igniting the hydraulic fluid. The flaming fluid spread to the employee's uniform, which also caught fire. The employee suffered second and third degree burns on his back, stomach, and right calf.",Third or fourth degree heat (thermal) burns,"Ignition of vapors, gases, or liquids",YES,weak
OSHA-2015118355,An employee was working on a crane that was out of service. He went and got a ladder and put the ladder on the spreader bar of the crane. He climbed about 8 to 10 feet up the ladder when it slipped out from under him. He fell and broke his right shoulder.,Fractures,Other fall to lower level 6 to 10 feet,YES,weak
OSHA-2017021273,An employee was bending a sheet metal part in a press brake when the employee's left middle fingertip was pinched and amputated between the tool bed of the press brake and the sheet metal part.,Amputations,Caught in running equipment or machinery during regular operation,YES,weak
OSHA-2020087357,"An employee fell approximately 18-20 feet from a second story door while removing and discarding old HVAC duct work. The employee was hospitalized with a broken right arm and foot, and also received staples to close a laceration on his head.",Fractures,Other fall to lower level 16 to 20 feet,YES,weak
OSHA-2019077690,"An employee was purging material through a silo that has a rotary air lock on the bottom. Product was not flowing; when the employee tried to get the product flowing again, three fingers were amputated in the air-lock mechanism.",Amputations,"Caught in running equipment or machinery during maintenance, cleaning",YES,weak
OSHA-2017065109,An employee was folding the mechanical lift on a bus when his left arm was caught in the lift. He injured two tendons in his left wrist and required hospitalization.,"Traumatic injuries to muscles, tendons, ligaments, joints, etc., unspecified",Caught in running equipment or machinery during regular operation,YES,weak
OSHA-2015107642,An employee amputated three fingers on the right hand while operating the mixer.,Amputations,Caught in running equipment or machinery during regular operation,YES,weak
OSHA-2015041941,An employee fell approximately 12 feet while disassembling bleacher risers.,"Traumatic injuries and disorders, unspecified",Other fall to lower level 11 to 15 feet,YES,weak
OSHA-2015118791,The employee was working with a bench mounted drill press and amputated the right middle finger at the second knuckle.,Amputations,Caught in running equipment or machinery during regular operation,YES,weak
OSHA-2017043620,An employee was operating a tail stretcher machine that uses a roller/rail system and caught his left finger in the roller amputating the fingertip.,Amputations,Caught in running equipment or machinery during regular operation,YES,weak
OSHA-2021043575,"On April 30, 2021, an employee was placing a tag onto an empty pan and was struck by a side loader. The employee was dragged several feet down the filling station and was caught between the side loader and the filling station. The employee sustained bruises, contusions, and a left knee fracture and torn meniscus. The employee was hospitalized.",Fractures,"Pedestrian struck by vehicle in nonroadway area, unspecified",YES,weak
OSHA-2015053217,"An employee removed a guard on the ST04 to clear a jam in the packaging film. After clearing the jam, the employee removed meat from the pockets to be rerun. The employee reached in the seal head area which had a sensor that triggered the lift to raise the form box to the seal head. The employee's left hand was caught between the seal head and the form box. The employee sustained third degree burns to the top of their left hand and two broken fingers.",Fractures and burns,"Caught in running equipment or machinery during maintenance, cleaning",YES,weak
OSHA-2022010384,An employee was in an aerial lift installing sheeting on top of the roof and sidewall of a building. An excavator working below the lift struck the aerial lift boom causing the boom to bounce up and down and side to side. The employee was ejected from the aerial lift basket and landed on the roof of the building. He then slid down into a roof gutter. The total height of the fall was 12 feet. The employee was hospitalized for broken ribs and a ruptured spleen.,"Fractures and other injuries, n.e.c.",Other fall to lower level 11 to 15 feet,YES,weak
OSHA-2018010146,"An employee fell from a ladder to the ground at a customer's house, suffering clavicle and rib fractures, brain bleeding, and loss of consciousness.",Cerebral and other intracranial hemorrhages,"Other fall to lower level, unspecified",YES,weak
OSHA-2017109454,"On October 2, 2017, an employee was walking backwards and pulling a 994-pound cart of metal uprights when the cart tipped and the employee's legs were caught between the cart and the concrete walking surface resulting in a fractured left ankle, right tibia and right knee.",Fractures,"Struck by falling object or equipment, n.e.c.",YES,weak
OSHA-20201111232,"An employee was checking a double feed roller hydraulic assembly to see if any obstructions were keeping it from opening all the way. As the employee removed a piece of steel, the employee was crushed in the hydraulic assembly resulting in fractured ribs and vertebrae. The employee was hospitalized.",Fractures,"Caught in running equipment or machinery during maintenance, cleaning",YES,weak
OSHA-2020088102,"An employee was driving a forklift forward when she tried to move a dolly's break bar by pushing it with her arm. Her ring and middle fingers were then caught between the overhead guard frame of the forklift and the dolly's break bar, resulting in a ring fingertip amputation and middle finger laceration.",Amputations,Part of occupant s body caught between vehicle and other object in nonroadway transport incident,YES,weak
OSHA-2023054228,"An employee was working on top of a pipe, cutting out a section when the pipe buckled, causing the employee to fall 5 feet. The employee sustained a humerus fracture.",Fractures,Other fall to lower level less than 6 feet,YES,weak
OSHA-2023021487,"An employee was adjusting the jib of a forklift boom attachment in preparation for lifting a motor. While setting up the telescoping portion of the boom attachment, the tip of the index finger on their right hand was caught and pinched, resulting in an amputation.",Amputations,"Caught in or compressed by equipment or objects, unspecified",YES,weak
OSHA-2021108731,"At 6:40 a.m. on October 10, 2021, an employee entered a client's bathroom, slipped on liquid and fell on the floor, suffering two broken bones under the right knee.",Fractures,Fall on same level due to slipping,NO,weak
OSHA-2016010257,An employee slipped and fell about 10 feet from the tile roof as he was preparing to do cleaning. He broke his heel and tibia.,Fractures,Other fall to lower level 6 to 10 feet,YES,weak
OSHA-2023098860,An employee had just finished unloading a garbage truck and was cleaning the sweep blade when a loader backed up and struck the employee. The employee sustained a pelvis fracture and internal bleeding.,"Fractures and other injuries, n.e.c.",Pedestrian struck by vehicle backing up in nonroadway area,YES,weak
OSHA-2021032587,An employee was unpacking coils of steel when a coil fell on their left foot resulting in a crushing injury.,Crushing injuries,"Struck by falling object or equipment, unspecified",YES,weak
OSHA-2021032525,An employee was testing a new snowboard jump and landed on his head on the ground. The employee was hospitalized with a concussion and an abdominal injury.,Concussions,"Fall on same level, n.e.c.",NO,weak
OSHA-2021021317,A maintenance employee lost his balance and fell from a step ladder to the floor while checking a heating unit in the ceiling. The employee sustained fractures to his right ankle and tibial plateau.,Fractures,Other fall to lower level less than 6 feet,YES,weak
OSHA-2018021957,"An employee was cutting blocks on an up-cut saw when his foot struck the pedal and activated the blade, which then amputated his left ring finger.",Amputations,Caught in running equipment or machinery during regular operation,YES,weak
OSHA-2020021859,"An employee was clearing a jam on a conveyor belt, slipped, and fell 1.5 feet to the floor sustaining a back injury. The employee was hospitalized.","Soreness, pain, hurt-nonspecified injury",Other fall to lower level less than 6 feet,YES,weak
OSHA-20211210398,"An employee was inspecting automotive parts and stacking them onto a pallet when the pallet and parts fell onto the employee's left leg, resulting in a broken lower leg.",Fractures,"Struck by falling object or equipment, unspecified",YES,weak
OSHA-2022021848,An employee was cleaning an exhaust manifold when the turbo sucked in his right hand and amputated the tip of his ring finger.,Amputations,"Caught in running equipment or machinery during maintenance, cleaning",YES,weak
OSHA-2024054730,An employee was clearing a jam in a pallet nailing machine when their middle finger was caught between a runner and the metal stop of the machine. The employee sustained a finger amputation.,Amputations involving bone loss,"Struck by running powered equipment during maintenance, cleaning, testing",YES,weak
OSHA-20161211776,"An employee exited her vehicle, walked across the parking lot, slipped on ice, and fell onto the ground. She struck her head on the pavement and lost consciousness.","Intracranial injuries, unspecified",Fall on same level due to slipping,YES,weak
OSHA-2016043062,An employee was helping to stabilize an optical comparator on the forks of a forklift when the machine shifted slightly. One corner of the machine slipped off the edge of the fork and hit the employee's leg above the ankle. The employee was hospitalized with a broken leg.,Fractures,Struck by object falling from vehicle or machinery-other than vehicle part,YES,weak
OSHA-20201110654,"An employee was operating a 50-ton press on a compression mold. When the employee went to flip the mold, the press crushed the employee's right index finger resulting in amputation to the first knuckle.",Amputations,Caught in running equipment or machinery during regular operation,YES,weak
OSHA-2023032847,"A mechanic was checking and adjusting the automated sort machine when the swinging arm swung out and the hinge pinched his index finger, resulting in amputation.",Amputations,"Caught in running equipment or machinery during maintenance, cleaning",YES,weak
OSHA-2020098695,"An employee was working in the kitchen area and fell into hot oil resulting in burns to his back, backside, and leg. A second employee helped the injured employee out of the oil and burned his hand.","Heat (thermal) burns, unspecified","Fall on same level, unspecified",NO,weak
OSHA-2021108749,An employee was using a circular saw when it caught his finger and amputated the fingertip.,Amputations,Injured by slipping or swinging object held by injured worker,YES,weak
OSHA-2019077486,"An employee was getting parts out of a box to inspect, tripped on the corner of a pallet and fell. The employee was hospitalized with injuries to the left side and right arm.","Soreness, pain, hurt-nonspecified injury",Fall on same level due to tripping over an object,NO,weak
OSHA-2021032025,"An employee tripped on merchandise on the floor and fell, injuring her right shoulder.","Soreness, pain, hurt-nonspecified injury",Fall on same level due to tripping over an object,NO,weak
OSHA-2015096340,An employee was standing at the entrance door of the valet parking office with his left hand resting on the hydraulic door cylinder while he was talking to co-workers. His left ring fingertip was pinched and amputated by the hydraulic cylinder arms when another employee opened the door to enter the office.,Amputations,Caught in running equipment or machinery during regular operation,YES,weak
OSHA-2023010009,An employee had been loading a golf cart into a truck. The golf cart's door hit the employee's left hand and amputated the little finger.,Amputations,Struck by swinging part of powered vehicle,YES,weak
OSHA-2023032493,An employee was servicing a manure pump. The pump was removed from the manure pit and disconnected from power. The employee used a crowbar to clear debris from the internal casing. He was spinning the motor blade to verify that it was spinning freely when it fractured and lacerated his left middle finger.,Fractures,Compressed or pinched by shifting objects or equipment,YES,weak
OSHA-20211210440,"An employee was returning from lunch through a back door. The wind blew the door shut against the employee's right hand, pinching her fingers between the door and the door frame. The employee's right ring fingertip was broken and her right middle fingertip was amputated.",Amputations,Struck by or caught in swinging door or gate,YES,weak
OSHA-2018054878,"An employee was using a sheet metal roller machine to make a part and was attempting to straighten a piece when the roller caught the employee's left hand, amputating the little and ring fingers.",Amputations,Caught in running equipment or machinery during regular operation,YES,weak
OSHA-2020098505,"At about 5:45 a.m. on September 7, 2020, an employee tripped and fell in a hallway, striking her head on the floor. She suffered a head injury, a bruise to the right elbow, and a skin tear on the finger. She was hospitalized.","Intracranial injuries, unspecified","Fall on same level due to tripping, unspecified",NO,weak
OSHA-2023043222,"Two employees were collecting garbage and stopped in a parking area to collect waste from a business location. The garbage truck began to move forward while the injured employee was in front of it, pinning the employee against another vehicle. The employee sustained fractures to the pelvis and femur.",Fractures,Pedestrian struck by forward-moving vehicle in nonroadway area,YES,weak
OSHA-2016053684,An employee was building a trailer frame when an 18 inch tall by 30 feet long steel beam fell onto the employee's left leg and fractured it.,Fractures,"Struck by falling object or equipment, unspecified",YES,weak
OSHA-20201111071,"An employee was rolling garment trolleys along an overhead rail to feed into a chain conveyor. His left glove was caught between a trolley and the conveyor guard, and the tip of his little finger was amputated.",Amputations,"Caught in or compressed by equipment or objects, unspecified",YES,weak
OSHA-20181112241,An employee stepped on a piece of plywood over a screened porch and fell 17 feet backwards to the ground. The employee sustained head and back injuries.,"Soreness, pain, hurt-nonspecified injury",Fall through surface or existing opening 16 to 20 feet,YES,weak
OSHA-2021108989,"An employee was adjusting part placement on a machine. The press head actuated and pinched the employee's left thumb, causing a laceration and amputation to the tip.",Amputations,Caught in running equipment or machinery during regular operation,YES,weak
OSHA-2018088059,"A temporary employee was operating a magnetic crane to pick up and move a 6000-pound sheet of metal when the metal fell and struck the employee's left foot, fracturing the fourth and fifth digits.",Fractures,Struck by object falling from vehicle or machinery-other than vehicle part,YES,weak
OSHA-20191112059,An employee was unchoking a cotton gin machine. The machine's saw blade caught and amputated his right hand.,Amputations,"Caught in running equipment or machinery during maintenance, cleaning",YES,weak
OSHA-2017076323,A table with a flat bar weighing approximately 816 pounds fell on and fractured an employee's right lower leg.,Fractures,"Struck by falling object or equipment, unspecified",YES,weak
OSHA-2022098314,"An employee was coming out of a building in an electric cart. The employee's left leg was caught between the cart and a concrete pole, and the lower leg was broken. The employee was hospitalized.",Fractures,Part of occupant s body caught between vehicle and other object in nonroadway transport incident,YES,weak
OSHA-2021042773,"An employee was at his locker, gathering his equipment when he began feeling ill. The employee went into the cooling room to sit for approximately 20 minutes. The employee left the cooling room to report to his supervisor that he was feeling unwell. While his supervisor was talking to him, the employee collapsed in the supervisor's office and was unresponsive. The employee was hospitalized for heat stress.",Heat syncope,Exposure to environmental heat,NO,weak
OSHA-2015096486,"An employee went into a facility and got out of his truck to check into the guard shack. When he went back to get into his truck, he missed a step and fell to the ground, breaking his left arm.",Fractures,Other fall to lower level less than 6 feet,YES,weak
OSHA-2024054203,"An employee was standing on a boat, working on its bow, when he fell. He landed on the concrete ground about 12 feet below and suffered broken bones in an arm.",Fractures,Other fall to lower level 6 to 30 feet,YES,weak
OSHA-2023087375,Employees were performing well pad completion work. They pumped nitrogen into the well unit to open it up so that it would flow/produce. The employee went to the sand-removing unit/trailer to check if the well was flowing. He was standing on the steps and walkway of the trailer when an explosion occurred that knocked him over the walkway handrail resulting in a 3-4 foot fall. He was hospitalized with a fractured left foot and first-degree burns to his hands. A generator about 37 feet away had caused the ignition.,Fractures and burns,"Explosion, n.e.c.",YES,weak
OSHA-2024021447,"An employee was standing at the edge of a trench while handing shoring materials to two employees in the trench below. The concrete beneath where the employee was standing gave way causing the employee to fall approximately 8 feet into the trench. The employee was hospitalized with contusions and lacerations to the neck, back, and shoulder.",Multiple surface and flesh wounds,Fall to lower level from collapsing structure or equipment 6 to 30 feet,YES,weak
OSHA-2024043683,"An employee was standing on the framework of the incline conveyor cleaning the conveyor. The employee's pantleg was caught by the running sprocket, which pulled their foot into the roller causing fractures to two toes on the right foot and a dislocated big toe.",Fractures and soft tissue injuries,"Struck by running powered equipment during maintenance, cleaning, testing",YES,weak
OSHA-2016043213,"On 4/17/16, an employee was cutting down trees to clear an oil field well pad site. A previously cut tree became caught up in the tree he was currently cutting. The tree then fell down and struck his right leg, breaking it.",Fractures,"Struck by falling object or equipment, n.e.c.",YES,weak
OSHA-2015096680,An employee was scraping loose paint on a railcar door. The employee's hand was caught in the door when it closed unexpectedly. The employee sustained a fractured right wrist.,Fractures,Struck by swinging part of powered vehicle,YES,weak
OSHA-2016064896,An employee was attempting to unjam a bag filling machine when the machine's blade amputated his right middle fingertip.,Amputations,"Caught in running equipment or machinery during maintenance, cleaning",YES,weak
OSHA-2016021721,"An employee was unloading equipment from a cart. The base of the cart dropped while he was still holding the handle, and his right fifth finger was amputated in a pinch point.",Amputations,"Struck by falling object or equipment, n.e.c.",YES,weak
OSHA-2017065922,An employee was loading a 5-7/8 pipe on pipe racks when the pipe rolled off the rack and crushed the employee's leg and knee.,Crushing injuries,"Struck by falling object or equipment, n.e.c.",YES,weak
OSHA-2017032127,"An employee was taping knives on the 60"" metal slitter machine at the entry side of the machine. When the machine was jogged three fingers on the employee's left hand were amputated.",Amputations,Caught in running equipment or machinery during regular operation,YES,weak
OSHA-2023109842,"An employee was introducing air into a machine actuator when their right little finger was crushed between the actuator and the actuator stop, resulting in a fingertip amputation.",Amputations,"Caught in running equipment or machinery, unspecified",YES,weak
OSHA-2025065211,An employee was walking down stairs when he slipped and grabbed onto the railing to prevent himself from falling which resulted in injury to his left hip. The employee was hospitalized.,Traumatic injuries or exposures unspecified,Fall to lower level caught self or curtailed,NO,weak
OSHA-2025088693,"On August 30, 2025, an employee was turning a pallet jack when their left little finger was caught between its handle and a steel bin. The finger was broken in two places. The employee was hospitalized, requiring surgery.",Fractures,Injured by object pushed or pulled by person,YES,weak
OSHA-2021119700,"An employee was working with a press. The employee pushed the bottom die in halfway. The punch came down and caught the side of the die. The die shattered and struck the employee in the face, causing facial abrasions and lacerations.",Cuts and abrasions or bruises,"Struck by dislodged flying object, particle",YES,weak
OSHA-2016021585,An employee fell while getting out of the dump bed of a truck he was washing. He struck his head on the concrete ground and fractured his skull.,Fractures,"Other fall to lower level, unspecified",YES,weak
OSHA-2020054747,An employee was cutting a soil nail to remove a whaler from an excavation protective system when the whaler tipped over onto him. The employee suffered a spinal injury and was hospitalized.,"Soreness, pain, hurt-nonspecified injury","Struck by falling object or equipment, unspecified",YES,weak
OSHA-2022087512,"An employee was installing a solar panel on the roof of a home. The employee slid and fell from the roof, suffering a broken wrist and broken bones in his back. Fall protection was not worn at the time.",Fractures,"Other fall to lower level, unspecified",YES,weak
OSHA-2016043104,"An employee was removing spouts on a decommissioned grain elevator. While the employee was removing the last spout, the grain elevator collapsed and the employee fell approximately 50 feet, suffering a fractured femur, shattered left heel, and facial lacerations.",Fractures,Fall from collapsing structure or equipment more than 30 feet,YES,weak
OSHA-2024087080,An employee had been assisting fire crews with an active wildfire. The employee suffered a heart attack and was hospitalized for surgery.,"Myocardial infarction, heart attack",Forest fire or wildfire,YES,weak
OSHA-2025088102,"An employee spent about 4 1/2 hours working outdoors, servicing a boom lift on a truck. He was hospitalized with heat stress.",Effects of heat unspecified,Exposure to environmental heat outdoor,NO,weak
OSHA-20191010645,"An employee was rolling angles along non-mechanical conveyor rollers to bring material closer to a cutting saw. The employee's left little finger was crushed between a roller and the material, resulting in a partial amputation of the fingertip.",Amputations,Compressed or pinched by shifting objects or equipment,YES,weak
OSHA-2024109987,"An employee was climbing down a ladder when he slipped and fell approximately 2 feet. He landed on his feet, which resulted in a foot injury.",Traumatic injuries or exposures unspecified,Other fall to lower level less than 6 feet,YES,weak
OSHA-2019088964,"An employee walked over to help support a bin of clothing that was on the rear lift of a box truck. The operator started to lower the bin to ground level when it fell off and struck the employee. The employee was knocked backwards and fell, striking her head on the concrete and suffering a possible brain hemorrhage.",Cerebral and other intracranial hemorrhages,"Fall on same level, n.e.c.",YES,weak
OSHA-2016021399,"While operating the mill line in the main shop, the employee's right ring finger was caught in the hydraulic press when he tried to free a stuck part. The employee's finger was fractured and lacerated.","Fractures and other injuries, n.e.c.","Caught in running equipment or machinery during maintenance, cleaning",YES,weak
OSHA-2020099162,An employee was on a 24-foot extension ladder doing touch up work on cornerbead at a window. The ladder slipped on paper that was protecting the floor and the employee fell. The employee sustained a broken femur and arm.,Fractures,"Other fall to lower level, unspecified",NO,weak
OSHA-2017109697,"An employee was kneeling on the ground putting bolts on a rafter while a second metal rafter was leaning on a secured larger rafter section. A gust of wind blew the leaning metal rafter onto the employee, pinning him between the rafter on the ground and the rafter that fell on top of him. He suffered a facial laceration, broken foot, and broken cheek bones.",Fractures,"Struck by falling object or equipment, n.e.c.",YES,weak
OSHA-2023021408,"Two employees were doing bridge work. While removing rigging from a trestle cap, the trestle cap fell over and struck both employees. Employee 1 sustained fractured ribs and lacerations; employee 2 sustained a laceration.",Fractures,"Struck by falling object or equipment, unspecified",YES,weak
OSHA-2021075736,An employee was erecting a scaffold and fell 24 feet through an opening in the scaffold. The employee sustained broken bones on the left arm and wrist and a hip injury.,Fractures,Fall through surface or existing opening 21 to 25 feet,YES,weak
OSHA-2015097251,An employee was hooking his lanyard to his harness while standing on a ladder. His foot slipped and he fell 20 feet. His left ankle was shattered.,Fractures,Other fall to lower level 16 to 20 feet,YES,weak
OSHA-2022042945,"An employee lost her balance while turning to help a customer, fell, and broke her right ankle.",Fractures,"Fall on same level, n.e.c.",NO,weak
OSHA-2025010498,"An employee was descending a suspended scaffold after performing repairs on a wind turbine blade. The scaffold malfunctioned and the employee began accelerating; he did not free fall, but fell approximately 90 feet to the ground below. The employee sustained fractures to the spine, back, hip, and legs.",Fractures,Fall to lower level from collapsing structure or equipment more than 30 feet,YES,weak
OSHA-2023065356,"An employee was standing on the bed of his truck using a strap with a built-in band cutter to band a pack of beams to the headboard of his truck. The employee lost balance and fell approximately 48 inches from the bed of the truck onto the blacktop surface below. The employee landed on his left hip area, resulting in a fracture.",Fractures,Other fall to lower level less than 6 feet,YES,weak
OSHA-2019021636,An employee slipped on a patch of ice and fell resulting in a broken ankle that required surgery.,Fractures,Fall on same level due to slipping,NO,weak
OSHA-20181010442,"Two employees were building a stage deck. The platform shifted, and both employees fell about 11 feet to the ground. One suffered a head injury.","Intracranial injuries, unspecified",Other fall to lower level 11 to 15 feet,YES,weak
OSHA-2019021288,"An employee fell from a ladder and fractured the left ankle, requiring surgery.",Fractures,"Other fall to lower level, unspecified",YES,weak
OSHA-2021064800,An employee was operating an extrusion machine when they passed out due to the heat. The employee was hospitalized for dehydration and kidney failure.,Multiple effects of heat and light,Exposure to environmental heat,NO,weak
OSHA-20201211287,"An employee was using an air hose to clean under a thermal former. The machine grabbed the hose and pulled the employee's hand into the gear, causing the amputation of one of her fingers.",Amputations,"Caught in running equipment or machinery during maintenance, cleaning",YES,weak
OSHA-2022054170,"An employee was preparing to conduct welding on a propane tank. The employee was lighting a torch when a flash fire occurred due to propane fumes coming from the tank. The employee sustained burns to the face, chest, stomach, and arms.","Heat (thermal) burns, unspecified","Ignition of vapors, gases, or liquids",YES,weak
OSHA-2023010988,An employee was performing preventative maintenance on an air conditioning unit in the mezzanine area when they fell off the platform and through the ceiling to the closet approximately 9 feet below. The employee sustained a fractured right shoulder.,Fractures,Other fall to lower level 6 to 10 feet,YES,weak
OSHA-2019099935,A machine operator was cleaning a glue pod when his right thumb became stuck. The motor caused the amputation of the thumb tip.,Amputations,"Caught in running equipment or machinery during maintenance, cleaning",YES,weak
OSHA-2015118889,An employee was performing maintenance on a piece of equipment when his left index finger was caught and amputated between a chain and sprocket. He was hospitalized.,Amputations,"Caught in running equipment or machinery during maintenance, cleaning",YES,weak
OSHA-2018054673,An employee was talking to a forklift driver when the forklift reversed and struck the employee. The employee sustained a right ankle/foot injury that required hospitalization.,"Soreness, pain, hurt-nonspecified injury",Pedestrian struck by vehicle backing up in nonroadway area,YES,weak
OSHA-2022119686,"An employee was using a pneumatic pulley to raise a load to the upper level. The employee's glove became caught, causing the employee's hand to get pulled into the pulley. The employee's thumb was amputated.",Amputations,Caught in running equipment or machinery during regular operation,YES,weak
OSHA-2018065880,"An employee was performing maintenance on the load break switches of a 13.8 kV circuit when the employee came into contact with energized equipment and an arc flash occurred. The employee suffered third degree arc flash burns from the shoulders up to the head, requiring hospitalization.",Third or fourth degree electrical burns,"Direct exposure to electricity, greater than 220 volts",YES,weak
OSHA-2024064818,An employee was performing maintenance on an industrial washing machine when his right arm became caught in the belt and his elbow and forearm were fractured. The machine was not guarded or locked out/tagged out at the time.,Fractures,"Struck by running powered equipment during maintenance, cleaning, testing",YES,weak
OSHA-2022065694,"While an employee removed leftover food from a food processor in the downstairs kitchen, the blades lacerated their left index fingertip, and caused amputations to their left middle and ring fingers.",Amputations,"Caught in or compressed by equipment or objects, unspecified",YES,weak
OSHA-2017043567,An employee fell from a ladder and injured his back as he was ascending with a mortar bucket to a single story roof.,"Soreness, pain, hurt-nonspecified injury","Other fall to lower level, unspecified",YES,weak
OSHA-2022119732,"An employee was operating a forklift. While taking a corner, the employee's hand became caught between the cab enclosure and the material racking, resulting in three broken fingers and an amputation of the middle finger.",Amputations,Part of occupant s body caught between vehicle and other object in nonroadway transport incident,YES,weak
OSHA-2015129470,"An employee was moving product using a two-wheeled hand truck when the hand truck and the boxes of material fell back and struck the employee. The cart handle fell on the employee's right thigh, causing a contusion.","Bruises, contusions","Struck by falling object or equipment, n.e.c.",YES,weak
OSHA-2022086990,An employee was repositioning a piece of equipment on a trailer when their finger was caught between the piece of equipment and a hydraulic fitting. The employee's fingertip was partially amputated.,Amputations,Compressed or pinched by shifting objects or equipment,YES,human
OSHA-2018044054,An employee was loading a stamped part into a die. The employee's hands were inside the press when it cycled resulting in amputation of the last joint of the left ring finger and the middle and index fingertips.,Amputations,Caught in running equipment or machinery during regular operation,YES,weak
OSHA-2024075949,An employee was assembling a crawler crane when they fell off the back of the crane to the ground. The employee sustained a lower leg fracture and was hospitalized.,Fractures,Other fall to lower level unspecified,YES,weak
OSHA-2019032740,"An employee was stacking product in the back of a trailer at a customer's site when he lost balance and fell forward to the trailer floor, landing on his hands. He was hospitalized with broken bones in the hands and wrists, requiring surgery.",Fractures,"Fall on same level, n.e.c.",NO,weak
OSHA-2025099430,"An employee was helping two forklift operators move and inventory flat sheet metal that was staged on racks. The metal fell off one side and struck the employee's arms and abdomen. The employee sustained a laceration above the left eye, a left forearm injury, and a ruptured spleen. The employee was hospitalized and required surgery.","Closed trauma involving internal organs, major blood vessels",Struck by other falling object n.e.c.,YES,weak
OSHA-2019077016,"While walking and turning, an employee slipped and fell to the floor. The employee was hospitalized with a broken hip.",Fractures,Fall on same level due to slipping,NO,weak
OSHA-2024010551,An employee was carrying metal sheeting on a roof when they fell about 20 feet to the gravel ground. The employee's right arm was fractured at the elbow and he was hospitalized.,Fractures,Other fall to lower level 6 to 30 feet,YES,weak
OSHA-20231211768,"An employee was performing preventative maintenance on an air handling unit. As the employee was confirming that the variable frequency drive startup was sequencing correctly, the motor engaged and the employee's left ring finger was caught in the motor pulley. Their finger was partially amputated.",Amputations,"Caught in running equipment or machinery during maintenance, cleaning",YES,weak
OSHA-2022032281,"An employee was on a ladder, putting material away on an upper storage area. The ladder slid and the employee fell to the concrete about 9 feet below. The employee suffered ankle, wrist, and back injuries.","Soreness, pain, hurt-nonspecified injury",Other fall to lower level 6 to 10 feet,YES,weak
OSHA-2021054169,"An employee was separating two large mail containers. When the containers became loose, she lost her balance and fell to the floor. She suffered a broken hip.",Fractures,"Fall on same level, n.e.c.",NO,weak
OSHA-2016010877,An employee operating a hand brake on a railcar fell due to an off-balance load. The employee was hospitalized with crushed ribs and chest and spine fractures.,Fractures,"Other fall to lower level, unspecified",YES,weak
OSHA-2017054757,An employee was unloading freight and fell off the dock resulting in a left hip fracture.,Fractures,Other fall to lower level less than 6 feet,YES,weak
OSHA-2017010457,An employees was attempting to restart the snowmaking equipment on a steep section of the ski trail when he slipped on an icy part of the walkway and slid approximately 200 feet down the hill landing in a ditch. The employee complained of chest pain and difficulty breathing. He also had a laceration to his face.,"Cuts, lacerations",Other fall to lower level more than 30 feet,YES,weak
OSHA-2020021496,An employee's hand was caught in the rollers of an outdoor electric gate.,"Soreness, pain, hurt-nonspecified injury","Contact with objects and equipment, unspecified",YES,weak
OSHA-2015118768,An employee got her finger pinched in the conveyor on the packaging line resulting in the amputation of the left ring fingertip.,Amputations,Caught in running equipment or machinery during regular operation,YES,weak
OSHA-20241110650,"An employee was performing road assistance activities and was in the process of towing a vehicle when they were struck by another vehicle. The employee sustained injuries to their back, right clavicle, arm, pelvis, hip, and leg, resulting in hospitalization.",Traumatic injuries or exposures unspecified,Pedestrian struck by forward-moving vehicle in roadway,YES,human
OSHA-2022010648,"An employee was walking in a restaurant when she fell, suffering a broken right leg. She was hospitalized.",Fractures,"Fall on same level, n.e.c.",NO,weak
OSHA-20181112215,An employee was pushing meat through a short rib saw. His right thumb was caught by the saw blade and was amputated just below the fingernail.,Amputations,Struck against moving part of machinery or equipment,YES,weak
OSHA-2024109484,"An employee was conducting an inspection of the roof area for potential plumbing issues. The employee fell through rubber roofing and down a duct chase, landing on the ground approximately 17 feet below. The employee sustained multiple fractures including a fractured pelvis and was hospitalized.",Fractures,Fall to lower level from collapsing structure or equipment 6 to 30 feet,YES,weak
OSHA-20181212421,"An employee was plowing a conduit, watching warning tape go into the shoot. The tape holder brushed against a telephone pole while his hand was on it, and his fingertip was pinched and amputated.",Amputations,"Caught in or compressed by equipment or objects, unspecified",YES,weak
OSHA-2017054177,An employee was on a ladder cutting I-beams. He cut one beam and a piece fell and hit the bottom of the ladder causing the ladder to kick out. The employee lost balance and fell resulting in two broken bones in his left wrist and a broken nose.,Fractures,"Other fall to lower level, unspecified",YES,weak
OSHA-2025088007,"An employee was helping stack scrap wire. A fork truck was setting a carrier of scrap wire on top of another carrier. The scrap wire on the fork truck caught on the second carrier, and the carrier on the forks was pulled off. It struck the employee in the head, causing a concussion. The employee was hospitalized.",Concussions,Pedestrian struck by vehicle or object propelled by another vehicle in nonroadway area,YES,human
OSHA-2023098135,An employee was operating a chop saw to cut cardboard tubes when his left arm was caught under the blade. The employee suffered an amputation at the left wrist that required surgery to reattach.,Amputations,Caught in running equipment or machinery during regular operation,YES,weak
OSHA-20201212045,"An employee was climbing a 6-foot ladder to remove a window contaminated with lead when they fell approximately 3-5 feet to the ground, resulting in a fractured T7 vertebra.",Fractures,Other fall to lower level less than 6 feet,YES,weak
OSHA-20171110766,"An employee was repairing a sectional garage door that had been hit by a motor vehicle and knocked partially out of its tracks. The bottom section of the door flexed, causing the rollers to come back out of the track. When this happened, the bottom two panels came out of the track and shot upwards, striking the underside of the employee's arm and knocking him off his ladder. He dislocated his shoulder.",Dislocation of joints,"Other fall to lower level, unspecified",YES,human
OSHA-2024064888,An employee was walking when they lost their footing on metal plates that cover electrical and plumbing equipment and fell. The employee sustained three fractured ribs and they were hospitalized.,Fractures,Fall on same level due to slip or trip,NO,weak
OSHA-2021097896,"As an employee was removing an engine from a truck, the engine fell on the employee's left middle finger. The employee's finger was partially amputated.",Amputations,"Struck by falling object or equipment, unspecified",YES,weak
OSHA-2021021728,"On February 25, 2021, an employee was working on a 5 ft. scaffold applying a drywall finishing compound to the wall. The employee lost his balance and fell off the scaffold, resulting in a laceration and tissue damage to the right upper arm.","Cuts, lacerations",Other fall to lower level less than 6 feet,YES,weak
OSHA-2016087707,"An employee was operating a mixer when he noticed the overhead bin was blocked. He climbed a ladder to attempt to loosen up the blockage but fell backwards off the second rung, severely injuring his ankle and requiring surgery.","Soreness, pain, hurt-nonspecified injury",Other fall to lower level less than 6 feet,YES,weak
OSHA-2022109369,"An employee was using a pallet jack to load pallets into a trailer. The employee stepped off the pallet jack and the vehicle continued to move forward, crushing his leg between the pallet jack and a pallet. He sustained fibula and tibia fractures and two ankle bone fractures.",Fractures,Caught between rolling powered vehicle and other object,YES,weak
OSHA-2021086528,"On August 4, 2021, at 7:30 a.m., an employee was clearing excess cheese from a grinder when the grinder blades contacted the employee's right thumb, resulting in amputation of the thumb tip.",Amputations,Compressed or pinched by shifting objects or equipment,YES,weak
OSHA-2016109351,"An employee was trying to unjam two steel bars on a conveyor when the photo sensor sensed movement and began to cycle, causing the employee's right hand to be dragged into the conveyor. The employee suffered a fractured right hand and was hospitalized overnight. The machine was not locked out at the time.",Fractures,"Caught in running equipment or machinery during maintenance, cleaning",YES,weak
OSHA-2016031881,"An employee fell to the ground while exiting a rental truck after missing the second step. During the fall, he struck his head on the truck and/or parking lot, suffering lacerations.","Cuts, lacerations",Other fall to lower level less than 6 feet,YES,weak
OSHA-2022119813,"An employee was cutting paper on a flat cutter machine when his hand became clamped by the machine, resulting in a fingertip amputation without bone loss that was surgically reattached.",Amputations,Caught in running equipment or machinery during regular operation,YES,weak
OSHA-2020109663,A forklift ran over an employee's foot and crushed the employee's toes.,Crushing injuries,"Pedestrian struck by vehicle in nonroadway area, unspecified",YES,weak
OSHA-2021032263,"An employee fell from an extension ladder onto an asphalt pavement about 15 feet below, suffering a skull fracture, internal bleeding in the head, a broken collarbone, broken vertebrae, five to eight broken ribs, and a liver laceration. The employee was hospitalized.","Fractures and other injuries, n.e.c.",Other fall to lower level 11 to 15 feet,YES,weak
OSHA-2019032373,"Two employees were in a trailer. A lit cigarette ignited gas that had leaked from a propane tank in the trailer, causing an explosion. Both employees suffered second-and third- degree burns to the hands, arms, and face.",Third or fourth degree heat (thermal) burns,"Explosion of nonpressurized vapors, gases, or liquids",YES,weak
OSHA-2015129717,A letter carrier slipped and fell on ice fracturing the left hip.,Fractures,Fall on same level due to slipping,NO,weak
OSHA-2021075885,"An employee used a 20-pound dry chemical fire extinguisher to extinguish a fire under the furnace on a melt deck. The employee began to have trouble breathing and was hospitalized, suffering from smoke inhalation.","Poisoning, including poisoning-related asphyxia","Fire, unspecified",YES,weak
OSHA-20241211211,"An employee was operating a baler and clearing paper that was covering the photo eye. The employee's right index finger was caught in the photo-eye hole as the ram activated, resulting in the amputation of the fingertip.","Amputations, avulsions, enucleations unspecified","Struck by running powered equipment during maintenance, cleaning, testing",YES,weak
OSHA-2019099830,An employee was moving 20-hp electric motor weighing approximately 280 lbs. The employee was sliding the motor on the floor in the storage area using their foot and guiding it with their hands. The employee's finger was pinched between the shaft of the motor they were moving and a stationary motor resulting in an amputation of the left pinky finger.,Amputations,Compressed or pinched by shifting objects or equipment,YES,human
OSHA-2021010490,"On January 19, 2021, an employee was attempting to pick up a boring bar that fell out of place when the bottom part of the machine slid out to take the bar into the storage rack, causing the employee's leg to be caught in the carriage rail. The employee was hospitalized.","Soreness, pain, hurt-nonspecified injury",Caught in running equipment or machinery during regular operation,YES,weak
OSHA-2021064452,An error came up on a pallet receiver table's machine panel and an employee went to the pallet ejector to troubleshoot. The employee was resetting a limit switch when his thumb got caught by a moving chain. The employee suffered a laceration that resulted in a revision amputation.,Amputations,"Caught in running equipment or machinery during maintenance, cleaning",YES,weak
OSHA-2017065837,"An employee was operating a blender when cheese became caught in the blender's discharge door. He was attempting to unjam the cheese blockage when a coworker noticed the blender was in the fault state and reset the fault, causing the blender to run while the employee's hand was in the discharge door. The blender crushed the employee's right hand, breaking and lacerating it. The blender was not locked/tagged out at the time of the incident.",Fractures,"Caught in running equipment or machinery during maintenance, cleaning",YES,weak
OSHA-2018054645,An employee fell from a ladder while servicing a residence and broke his humerus.,Fractures,"Other fall to lower level, unspecified",YES,weak
OSHA-2016021568,"While performing wood framing, an employee fell from a 10-foot ladder to the concrete floor, breaking ribs.",Fractures,Other fall to lower level 6 to 10 feet,YES,weak
OSHA-2022010521,"Two employees were doing repairs on a backhoe's outrigger. While they were using a forklift with a ratchet strap to position the outrigger, the ratchet strap came loose and struck one of the employees in the face. He fell into the stairs of the backhoe. He suffered lacerations and impact injuries to the face and head and was hospitalized.","Multiple traumatic injuries and disorders, unspecified","Struck by dislodged flying object, particle",YES,weak
OSHA-2024109924,"A maintenance technician was checking the tire pressure on a debarking drum tire. They then initiated the process of adding air into the tire to the specified pounds per square inch. Within seconds, the side wall of the tire ruptured and the maintenance technician sustained broken ribs and a punctured lung.","Closed trauma involving internal organs, major blood vessels","Explosion of pressure vessel, piping, or tire",YES,weak
OSHA-20221210997,An employee was working near an open flame heater when the flames contacted the employee's clothing and caught fire. The employee sustained second-degree burns to the hands and third-degree burns to the lower back.,Third or fourth degree heat (thermal) burns,Ignition of clothing from controlled heat source,YES,weak
OSHA-2025021318,"On February 10, 2025, an employee was installing decking on the roof of a two-story building. The employee fell backward from the roof to the second-story floor, about 14 feet below, and suffered head and neck injuries. The employee was hospitalized.",Traumatic injuries or exposures unspecified,Other fall to lower level 6 to 30 feet,YES,weak
OSHA-2025021578,"An employee was using an electric pallet jack to move a rack with long metal poles. One side of the rack lifted higher than the other and the poles slid and struck his right foot, resulting in fractures to his right metatarsals that required surgery.",Fractures,Struck by other falling object n.e.c.,YES,weak
OSHA-2024021371,"An employee was attaching a trailer to a truck, but the hitch was not lining up. The employee pushed the hitch and the trailer came down on their fingers crushing the left index and middle fingers.",Nonfatal 'crushing' injuries,Caught or wedged between objects nonrunning,YES,weak
OSHA-2020098970,An employee was descending 3 to 4 stairs when he fell to the floor and hit his head. He was hospitalized with a skull fracture and subdural hematoma.,Skull fracture and intracranial injury,Other fall to lower level less than 6 feet,YES,weak
OSHA-2020043266,An employee was stepping from the ground to the second step when their body twisted and their knee gave out. The employee fell to the ground. The employee was hospitalized with meniscus tears in both knees and a fracture above the right knee.,"Fractures and other injuries, n.e.c.","Fall on same level, n.e.c.",NO,weak
OSHA-2022021638,"An employee was cleaning dough from a conveyor belt when her arm was caught in the machine, resulting in an injury to her right arm, which required surgery.","Soreness, pain, hurt-nonspecified injury","Caught in running equipment or machinery during maintenance, cleaning",YES,weak
OSHA-2015010030,Employee amputated tip of finger when his finger got caught in the chain of a stationary exercise bicycle that he was servicing. There was no bone loss and the employee was not hospitalized.,Amputations,"Caught in running equipment or machinery during maintenance, cleaning",YES,weak
OSHA-2017065340,An employee was preparing to remove a hook/bottom block from an under-the-hook lifting device when the crane hook latch partially amputated the employee's right thumb.,Amputations,Compressed or pinched by shifting objects or equipment,YES,weak
OSHA-2015097166,An employee was walking in the parking lot during a rain storm and slipped and fell injuring the back and shoulder.,"Soreness, pain, hurt-nonspecified injury",Fall on same level due to slipping,NO,weak
OSHA-2024010592,"An employee was using a lathe to sand a round bar when their glove caught a burr in the round bar, amputating their right middle finger.",Amputations involving bone loss,"Caught, entangled in running powered equipment normal operation",YES,weak
OSHA-2019033192,"The motor on the side of an oil tank, approximately 3-4 feet off the ground and weighing about 585 pounds, fell off a skid and landed on an employee's leg. The employee suffered an open fracture of the left tibia and fibula, as well as a laceration of the left middle finger.",Fractures,"Struck by falling object or equipment, n.e.c.",YES,weak
OSHA-2023043677,"An employee was repairing a hydraulic hose and cutting the hose to specification using a sawing machine. The employee's hand contacted the saw blade, resulting in the partial amputation of the right middle finger.",Amputations,Caught in running equipment or machinery during regular operation,YES,weak
OSHA-2019066452,An employee fell while climbing a stairway and broke a knee.,Fractures,"Fall on same level while climbing stairs, steps, or curbs",NO,weak
OSHA-2021031980,"An employee was moving logistic bars in a trailer. A forklift moved and struck his leg, breaking it.",Fractures,"Pedestrian struck by vehicle in nonroadway area, unspecified",YES,weak
OSHA-2018077185,"An employee was on a site making a delivery when his truck became stuck in sand. As he tried to get the truck unstuck, he became light-headed, requiring hospitalization for dehydration.","Effects of heat and light, n.e.c.",Exposure to environmental heat,NO,human
OSHA-2016087083,"An employee tripped and fell. As she was getting up from the fall by grabbing onto a tire rack, another tire rack shifted and crushed her left hand. Her middle, ring, and pointer fingertips had to be medically amputated.",Amputations,"Fall on same level due to tripping, unspecified",NO,weak
OSHA-2021021231,"An employee slipped and fell on ice in the parking lot, resulting in a concussion that required hospitalization.",Concussions,Fall on same level due to slipping,NO,weak
OSHA-2024053788,"An employee was installing insulation on the ceiling above the elevator shaft when he lost his balance and fell 15 feet from the scaffold down the elevator shaft. He sustained an injury to his spine and head trauma including a concussion, laceration, bruising, and abrasions.","Multiple types of injuries to the brain, spinal cord",Other fall to lower level 6 to 30 feet,YES,weak
OSHA-2023076661,"An employee was troubleshooting the roll wrap line when his left index and middle fingers were partially amputated, requiring hospitalization.",Amputations,"Caught in running equipment or machinery during maintenance, cleaning",YES,weak
OSHA-20201110426,"An employee was hooking up an ammonia tank to a pickup truck when the pickup truck backed up and struck the employee, resulting in broken ribs, broken vertebrae, and a punctured lung.","Fractures and other injuries, n.e.c.",Pedestrian struck by vehicle backing up in nonroadway area,YES,human
OSHA-2016054360,An employee was helping to drag brush from a work site when a tree branch fell and struck him on the hardhat. He suffered a head contusion and was hospitalized.,"Bruises, contusions","Struck by falling object or equipment, n.e.c.",YES,weak
OSHA-2023021438,"An employee was pushing electrical conduit through the eave of the house for solar circuits when their ladder moved, causing the employee to fall 15 to 20 feet to the ground. The employee sustained fractures to the nose, a tooth, and two thoracic vertebrae as well as an injury that required stitches on the face.",Fractures,Other fall to lower level 16 to 20 feet,YES,weak
OSHA-20221210769,An employee reached for a table that was falling and caught their hand between the table and floor. They sustained a hand injury that required hospitalization and surgery.,"Soreness, pain, hurt-nonspecified injury","Struck by falling object or equipment, unspecified",YES,weak
OSHA-2016087168,"An employee was helping to discharge fuel from a barge by positioning a C-hook on a coil. After he slid the C-hook into the coil, his hand rested on the bottom of the C-hook. When a crane began to lift the hook, the coil and his fingers became caught, crushing his left-hand pinky, ring, and middle fingers.",Crushing injuries,Compressed or pinched by shifting objects or equipment,YES,weak
OSHA-2020087541,"On August 10, 2020, a plumber was cutting copper pipe with an angle grinder while working from a ladder when the angle grinder wheel became stuck in the pipe. He tried to dislodge the grinder by pulling on it and fell from ladder, sustaining a cut on his right forearm and leading to hospitalization and surgery.","Cuts, lacerations","Other fall to lower level, unspecified",YES,weak
OSHA-2024087574,"At 9:20 a.m. on Saturday August 17, 2024, an employee was running a sizing press machine when his right hand was caught in the press. The employee sustained an amputation of his ring finger at the knuckle and injuries to his index, middle, and little fingers that required stitches.",Amputations involving bone loss,"Caught, entangled in running powered equipment normal operation",YES,weak
OSHA-2019099481,"An employee was inspecting a thigh machine in a deboning department. The employee fell forward while walking between two machines, and part of one of the machines amputated the tip of the employee's finger.",Amputations,"Fall onto or against object on same level, n.e.c.",NO,weak
OSHA-2022043126,"On April 8, 2022, an employee was leaving the MRI Room and used her left hand to hold the door's handle while her right hand was holding the edge of the door. As the door closed, her right middle finger got caught between the door and the door jam resulting in amputation of her right middle fingertip without bone loss.",Amputations,Struck by or caught in swinging door or gate,YES,weak
OSHA-2019099562,"An employee was reaching into a packaging machine when the sensors activated and the machine cycled, amputating his index fingertip.",Amputations,"Caught in running equipment or machinery, unspecified",YES,weak
OSHA-2016010305,"An employee was removing a stop from the rollers on a conveyor system, which had been put in place to keep the 55-gallon drums of grease from rolling. A coworker started moving the drum while the employee's finger was still near where the stop was removed. His finger was smashed and amputated between the drum and the metal rollers.",Amputations,"Caught in or compressed by equipment or objects, unspecified",YES,human
OSHA-2019032756,An employee suffered an index fingertip amputation while attempting to clear a jam.,Amputations,"Caught in running equipment or machinery during maintenance, cleaning",YES,weak
OSHA-2020021971,An employee was shutting the back room exit door when wind caused the door to slam shut. The employee's finger was smashed between the door and its frame resulting in a partial amputation.,Amputations,Struck by or caught in swinging door or gate,YES,weak
OSHA-2015075195,Four workers were in a crew truck located in a work zone when it was struck by an automobile.,"Traumatic injuries and disorders, unspecified",Roadway collision-moving and standing vehicle on side of roadway,YES,weak
OSHA-2023065826,An employee was operating a stand-up reach lift when his foot became pinned against a safety rail. The employee was hospitalized with foot fractures that required surgical amputation of his toes.,Amputations,Part of occupant s body caught between vehicle and other object in nonroadway transport incident,YES,weak
OSHA-2021086786,"An employee was standing on a 12-foot A-frame ladder, pushing manure in a dump truck bed with a shovel. The employee slipped and fell to the concrete ground, suffering a broken neck vertebra, two herniated neck vertebrae, and two fractures to the left arm.",Fractures and dislocations,"Other fall to lower level, unspecified",NO,weak
OSHA-2019076753,"An employee was working on a trim press in a forge shop with tongs and a swab. He was putting oil on the trim press when the machine was activated, causing a partial amputation to his right index finger and the next two fingers.",Amputations,"Caught in running equipment or machinery during maintenance, cleaning",YES,weak
OSHA-2016087862,"An employee was working on the line, got bumped by another employee, stepped back and lost her balance falling and breaking her left wrist.",Fractures,"Fall on same level, n.e.c.",NO,weak
OSHA-20171110934,"On November 14, 2017, at approximately 3:05 p.m., an employee was operating a stand-up reach lift in reverse when he turned sharply. The powered industrial truck then slammed into a guardrail. His left foot was crushed and fractured between the guardrail and the powered industrial truck, requiring hospitalization.",Fractures,Part of occupant s body caught between vehicle and other object in nonroadway transport incident,YES,weak
OSHA-2017021376,"An employee was climbing air-stair door steps when he fell approximately 5 feet to the ground below, striking his head and shoulder.","Soreness, pain, hurt-nonspecified injury",Other fall to lower level less than 6 feet,YES,weak
OSHA-20191111864,"An employee was helping a customer with a package in a parking lot. The employee tripped over a bicycle and fell to the concrete, breaking her hip.",Fractures,Fall on same level due to tripping over an object,NO,weak
OSHA-2024032087,"An employee was unpacking merchandise from a pallet to a shopping cart on the sales floor. He stepped backward and tripped over the corner of the pallet or a grey tote and fell to the floor, resulting in a skull fracture.",Fractures,Fall on same level due to slip or trip,NO,weak
OSHA-2015031569,"An employee was standing on a chair to adjust curtains. The chair slipped, causing the employee to fall and break the tibia just below the knee.",Fractures,Other fall to lower level less than 6 feet,YES,weak
OSHA-2021076378,"An employee was using an extension ladder while on a barge when they fell approximately 12 feet, resulting in a left ankle injury and a right ankle fracture that required surgery.",Fractures,Fall on water vehicle,YES,weak
OSHA-20231211593,"An employee was clearing a jam in a surge hopper when they sustained a right wrist fracture, three finger amputations, and a laceration. The employee was hospitalized and required surgery.",Amputations,"Caught in running equipment or machinery during maintenance, cleaning",YES,weak
OSHA-2020021170,"On February 5, 2020, at approximately 5:00 p.m., two employees were using acetylene torches to dismantle an industrial tank. A small piece of steel fell to the floor, creating a small spark that resulted in a flash fire. The first employee sustained first and second degree burns. The second employee sustained first and second degree burns and a possible lung injury. Both were hospitalized.",Second degree heat (thermal) burns,Small-scale (limited) fire,YES,weak
OSHA-20161110893,"An employee was removing tangled film from a roller in a laminator machine when he stepped back into a roller that was still running, fracturing his skull and breaking an arm.",Fractures,"Caught in running equipment or machinery during maintenance, cleaning",YES,weak
OSHA-2021065267,An employee was pulling a water hose on top of a roof when they slipped and fell onto a skylight. The skylight gave way and the employee fell to the floor. The employee suffered a compound fracture in their right arm and multiple fractures in their left arm.,Fractures,"Fall through surface or existing opening, unspecified",NO,weak
OSHA-2018088900,"An employee was standing on a pallet while retrieving apparel boxes. As she turned around to dismount the pallet, her foot was caught on a piece of plastic and she fell to the floor. She landed on and broke her left shoulder.",Fractures,Other fall to lower level less than 6 feet,YES,weak
OSHA-2020054658,"An employee fell from a flatbed trailer to the ground. The employee suffered a broken skull, with brain bleeding, and was hospitalized.",Skull fracture and intracranial injury,"Other fall to lower level, unspecified",YES,human
OSHA-2021075636,An employee was closing a trailer door and fell off the back of the trailer onto the ground. The employee sustained a head laceration.,"Cuts, lacerations",Other fall to lower level less than 6 feet,YES,weak
OSHA-2021087467,"An employee was using a pallet jack to move ice cream in the warehouse. When they made a right turn, the pallet jack struck a bollard. The employee sustained a fractured pelvis.",Fractures,"Nonroadway collision with object other than vehicle, n.e.c.",YES,weak
OSHA-20211110018,"An employee was holding a machine part while forming it with a hydraulic brake press. The brake press caught the employee's right-hand fingers and partially amputated the index finger, as well as breaking the middle finger.",Amputations,Caught in running equipment or machinery during regular operation,YES,weak
OSHA-2025032887,"An employee was driving a forklift after putting trash into the trash compactor. The forks of the lift struck uneven asphalt on the road, causing the forklift to abruptly stop. The employee bounced up and struck his head on the forklift cage, resulting in a skull fracture.",Fractures,"Collision with stationary object, nonroadway",YES,weak
OSHA-2017099180,The employee was operating a mechanical power press when the machine cycled and amputated the employee's right index finger.,Amputations,Caught in running equipment or machinery during regular operation,YES,weak
OSHA-2015086010,"An employee tried to prevent a turkey neck from going through the peeler. The employee's glove got caught in the peeler rollers, which crushed the left middle fingertip. The fingertip was amputated below the fingernail.",Amputations,Caught in running equipment or machinery during regular operation,YES,weak
OSHA-2016010718,"While taking measurements in the heat treatment furnace, an employee stepped onto a non-load bearing support and fell into a vat of 220-degree quench oil. The employee suffered second and third degree burns.",Third or fourth degree heat (thermal) burns,"Fall through surface or existing opening, unspecified",YES,weak
OSHA-2023031964,An employee was using an air gun to blow cotton out of a textile machine when the machine pulled the employee's shirt and left arm into the machine gears and roller. The employee's left little finger was amputated and they sustained a severe injury to the right forearm.,Amputations,"Caught in running equipment or machinery during maintenance, cleaning",YES,weak
OSHA-2020098841,"An employee fell from a trailer while it was in motion. The employee sustained fractured ribs, a possible dislocated shoulder, an ankle injury, and required stitches on the forehead.",Fractures and dislocations,"Fall or jump from vehicle in normal operation, nonroadway",YES,weak
OSHA-20181212851,An employee was climbing down from a truck after replacing a light and fell to the floor. The employee sustained a fractured wrist.,Fractures,Other fall to lower level less than 6 feet,YES,weak
OSHA-20161110915,An employee was operating a high-reach forklift to move product when the employee's left thumb was caught and partially amputated between a section of racking and the forklift's support beam.,Amputations,Part of occupant s body caught between vehicle and other object in nonroadway transport incident,YES,weak
OSHA-2021043436,"An employee was standing at the edge of the furnace pit and was going to push out the lining on the furnace. The employee fell approximately 20 feet into the furnace tank and sustained broken vertebrae, two broken ribs, and a brain bleed. The employee was not wearing fall protection at the time of the fall.","Fractures and other injuries, n.e.c.",Other fall to lower level 16 to 20 feet,YES,weak
OSHA-2016099158,"An employee was operating an aerial lift to torque the bolts on a connection point of the steel girder to a bridge. His head was pinched between the aerial lift control panel cover and the bottom of the steel girder above him. He suffered a laceration to his right ear and a skull fracture, requiring hospitalization.",Fractures,Compressed or pinched by shifting objects or equipment,YES,weak
OSHA-2020099016,"On September 22, 2020, an employee was assisting an excavator operator. As the employee approached the excavator to unstrap a pull barn pole, the employee was struck by the pole and fell to the ground. The employee sustained a head injury.","Intracranial injuries, unspecified",Struck by swinging part of powered vehicle,YES,weak
OSHA-2023065319,"An employee brought two scissor lifts to a new construction warehouse, and was documenting the completion of delivery by taking pictures. The employee walked backward to get a wider angle and stepped off the loading dock, falling about 46 inches to the concrete ground outside the loading dock. The employee's right elbow was fractured.",Fractures,Other fall to lower level less than 6 feet,YES,weak
OSHA-2015052576,An employee working in the storage yard was using an extension ladder while stacking the fourth concrete panel. He fell 15 to 20 feet to the ground and fractured his right femur in two places.,Fractures,Other fall to lower level 16 to 20 feet,YES,weak
OSHA-2017065652,"An employee was performing maintenance work on a wood packaging line to fix a portion of plastic that was stuck when his left middle finger was pinched between the machine basket and a metal bar frame, amputating it above the first knuckle.",Amputations,"Caught in or compressed by equipment or objects, unspecified",YES,weak
OSHA-2018032525,An employee suffered a right thumb amputation while changing the belt on a pulley that drives a conveyor auger.,Amputations,"Caught in or compressed by equipment or objects, unspecified",YES,weak
OSHA-2018066184,"An employee was feeding steel into a punch press and removing the product. The press picked up two sheets of steel instead of one. The employee attempted to separate the steel to prevent a jam, and the machine table struck the employee while they were placing product on a pallet. The employee sustained a hairline fracture to the hip.",Fractures,Caught in running equipment or machinery during regular operation,YES,weak
OSHA-2017021784,An employee slipped on a wet floor while she was mopping it and fell breaking her right wrist.,Fractures,Fall on same level due to slipping,NO,weak
OSHA-2019044372,A cowboy was bucked off a horse and broke their left tibia and fibula. The cowboy was hospitalized.,Fractures,"Thrown, fell, or jumped from animal being ridden",YES,human
OSHA-20181212408,"While using a glass sheet cutting machine, an employee suffered a compound fracture and a partial amputation of the left ring finger.",Amputations,Caught in running equipment or machinery during regular operation,YES,weak
OSHA-2017088077,"An employee was operating a forklift while his right hand was outside of the driving compartment. He drove near a dumpster and his hand became caught between the forklift and the dumpster, causing a soft tissue crush injury to his right hand between the index finger and the thumb.",Crushing injuries,Part of occupant s body caught between vehicle and other object in nonroadway transport incident,YES,weak
OSHA-2023043410,"An employee was clearing a jam on a machine when his right middle finger was pulled in by a running belt, resulting in the finger being crushed. The finger required surgery and was partially amputated. The machine was not guarded at the time of the incident.",Amputations,"Caught in running equipment or machinery during maintenance, cleaning",YES,weak
OSHA-2020109471,An employee's right arm was caught in the mast of a forklift when the forks were lowered resulting in a forearm injury.,"Soreness, pain, hurt-nonspecified injury",Struck by swinging part of powered vehicle,YES,weak
OSHA-20161110587,"An employee was moving an A-frame across a loading dock when a drain tipped over and fell. The employee was trapped between the wall and the falling material, breaking his leg.",Fractures,"Struck by falling object or equipment, n.e.c.",YES,weak
